Hours Studied,Previous Scores,Extracurricular Activities,Sleep Hours,Sample Question Papers Practiced,Predicted Performance Index
7,99,Yes,9,1,91.8439
8,51,Yes,7,2,45.0717
8,91,No,4,5,84.3275
5,79,No,7,8,65.5835
2,72,No,4,3,47.4301
2,54,Yes,4,9,30.8884
1,99,Yes,4,3,72.6461
1,85,No,5,6,58.8814
3,61,No,6,3,40.0662
9,84,Yes,6,6,81.8267
5,90,Yes,4,3,74.9268
3,61,Yes,7,3,41.1461
7,44,Yes,9,1,35.8608
2,55,Yes,4,1,30.3246
2,63,Yes,6,0,39.2422
4,73,Yes,7,0,55.6279
8,61,No,7,2,54.6566
2,89,Yes,6,1,65.9047
6,81,No,9,9,71.6496
6,62,Yes,9,0,51.1244
2,54,Yes,9,5,32.5284
8,48,No,6,0,40.5426
9,97,Yes,8,5,95.8336
1,87,Yes,8,8,63.3648
7,61,Yes,4,7,51.9201
8,62,Yes,4,2,54.8098
8,68,No,7,3,61.9795
3,54,Yes,5,0,32.4556
3,69,No,4,7,48.0277
7,80,No,8,3,71.8197
9,99,No,4,1,94.5401
8,61,Yes,6,9,56.1483
3,48,No,7,5,27.7154
8,64,No,5,1,56.5402
7,53,No,5,9,44.0649
7,89,No,8,1,80.5852
5,40,No,4,9,24.6256
7,68,No,4,8,58.6491
3,67,No,9,8,48.6205
4,56,No,4,7,37.6557
7,91,Yes,6,3,82.6378
9,89,Yes,5,3,85.8367
4,54,No,7,5,36.683
7,96,No,5,3,86.6472
8,96,No,8,9,92.1524
6,59,Yes,4,9,47.4194
8,48,No,5,4,40.8473
1,72,No,7,0,45.435
4,77,Yes,8,6,61.3719
2,53,Yes,8,9,31.8152
3,56,No,5,7,35.2815
1,96,No,8,6,71.5365
1,72,Yes,5,7,46.4405
8,40,Yes,7,7,34.8636
2,45,Yes,4,3,20.5413
5,72,Yes,8,1,58.1543
1,69,Yes,9,8,45.5292
5,49,No,6,5,33.9679
7,58,Yes,6,2,48.8502
8,62,No,6,8,56.3746
1,43,No,6,4,16.2213
8,58,No,5,1,50.433
4,66,No,4,5,47.4391
6,73,No,8,7,62.6251
1,95,No,8,6,70.5186
9,77,Yes,9,1,75.1714
6,46,Yes,9,7,36.2224
3,65,No,4,4,43.3631
4,48,No,5,1,28.8126
2,55,Yes,6,7,32.4832
8,93,No,7,2,87.2286
7,49,Yes,7,3,40.3732
4,47,Yes,5,1,28.3885
5,87,No,5,3,71.7656
8,65,No,6,5,58.8351
3,54,Yes,6,3,33.5349
6,77,No,6,8,65.9219
3,62,Yes,9,0,42.5432
4,62,Yes,4,6,44.1591
4,78,No,8,3,61.2028
5,92,No,7,2,77.6295
7,52,No,6,5,42.7423
6,83,Yes,4,7,71.453
3,48,No,5,1,25.9522
2,66,Yes,6,3,42.889
5,68,No,4,8,52.9284
1,76,No,8,5,50.9812
3,90,Yes,7,7,71.4554
3,46,Yes,4,2,24.2218
9,72,No,7,1,68.5159
5,77,No,7,4,62.7568
4,89,Yes,7,8,73.4956
8,44,No,6,5,37.4597
2,99,Yes,9,5,78.3328
1,99,Yes,4,6,73.2393
9,93,No,7,5,90.6822
8,91,No,5,8,85.4068
9,96,Yes,4,3,92.4757
1,61,No,8,3,35.3177
3,73,Yes,5,0,51.7952
2,45,Yes,4,5,20.9367
4,41,Yes,8,2,23.9375
5,44,No,6,0,27.8899
7,84,No,6,9,76.1052
4,89,Yes,7,1,72.1116
7,51,Yes,6,7,42.7137
1,40,Yes,8,9,15.7224
5,83,No,5,0,67.1009
1,83,No,8,0,57.1178
1,86,Yes,5,9,61.0862
2,41,No,8,8,18.8092
8,88,No,5,8,82.3532
6,77,No,6,4,65.1311
5,87,Yes,9,2,74.1063
9,65,Yes,4,8,61.9101
1,94,Yes,9,3,69.9875
5,56,Yes,5,2,40.6075
1,99,Yes,4,6,73.2393
5,62,Yes,7,2,47.6871
7,85,No,9,8,78.3838
3,82,No,6,2,61.2438
5,89,No,7,4,74.9713
1,44,Yes,7,3,18.1215
3,89,No,8,7,70.3299
3,63,Yes,6,8,43.6843
1,77,Yes,4,1,49.8574
1,42,Yes,8,4,16.7696
3,80,No,7,3,59.892
8,88,No,9,2,83.1116
2,81,No,6,1,57.1678
9,50,Yes,9,9,49.2705
5,81,No,6,5,66.5399
9,86,Yes,6,9,84.4556
9,88,Yes,5,4,85.0166
3,76,Yes,5,9,56.6282
7,79,Yes,9,4,72.0795
1,99,No,7,5,73.9062
9,98,No,6,7,95.6808
4,40,Yes,6,5,22.5404
3,75,Yes,5,8,55.4127
9,44,No,5,1,39.0431
5,59,No,5,1,42.8696
3,76,Yes,5,6,56.0351
4,87,Yes,5,1,69.1035
5,40,Yes,7,8,26.4801
5,70,No,7,4,55.6317
9,90,No,5,8,87.2494
2,44,Yes,6,4,20.6934
6,40,Yes,4,0,26.3003
3,64,Yes,9,1,44.7767
1,43,Yes,7,4,17.3013
4,91,No,9,5,75.3167
4,45,No,6,8,27.6291
6,95,No,8,7,85.0183
7,85,Yes,9,4,78.1868
3,72,Yes,8,3,52.8289
8,54,No,6,6,47.8362
7,75,No,8,6,67.3235
1,53,Yes,8,5,28.1639
3,95,Yes,4,2,74.0977
1,53,Yes,6,2,26.5985
9,42,Yes,8,0,38.8619
5,89,Yes,6,7,75.6721
5,61,No,8,1,46.3639
5,74,No,5,3,58.5332
4,80,No,5,5,62.1755
2,52,Yes,7,8,30.1134
9,74,Yes,8,6,72.6202
1,90,Yes,5,5,64.3668
1,71,No,7,9,46.1966
9,58,No,6,4,54.3727
8,93,Yes,6,2,87.3363
9,52,No,4,5,47.4908
9,64,No,6,1,59.8868
2,42,No,8,9,20.0248
6,59,Yes,4,1,45.8377
1,71,Yes,9,6,47.1696
5,87,No,9,7,74.5011
7,89,No,9,4,81.6645
6,52,Yes,6,6,40.6735
3,67,Yes,8,6,48.3327
5,60,No,9,0,45.6344
5,99,No,7,5,85.3478
3,66,No,9,7,47.4049
1,99,Yes,9,8,76.0655
1,99,Yes,9,3,75.0769
2,68,No,7,1,44.4216
1,59,No,4,8,32.3259
5,91,Yes,4,8,76.9333
7,54,Yes,4,5,44.3996
2,95,No,9,7,74.0629
3,56,Yes,7,6,36.6499
4,50,Yes,6,7,33.1146
6,44,Yes,7,3,32.4235
1,65,No,8,2,39.1915
5,47,No,4,9,31.7507
5,95,No,9,1,81.4578
2,80,Yes,5,0,56.0599
3,95,Yes,5,1,74.3861
7,75,No,8,1,66.3349
8,55,Yes,5,9,49.5549
3,75,Yes,5,7,55.2149
5,53,No,8,8,39.6049
5,95,Yes,8,1,81.5654
9,84,Yes,8,8,83.1944
9,72,No,7,6,69.5045
6,55,Yes,6,6,43.7271
8,45,No,4,8,38.0984
3,42,No,9,3,22.185
8,51,Yes,6,8,45.7718
2,72,No,9,1,49.4654
8,70,No,8,3,64.5014
7,66,Yes,8,7,58.9541
9,41,Yes,8,5,38.8326
7,51,Yes,8,5,43.2906
5,61,No,7,0,45.68
6,76,No,8,2,64.6901
1,71,Yes,6,5,45.5134
2,63,Yes,9,4,41.4915
4,92,No,8,2,75.2553
6,82,No,4,6,69.6436
6,57,No,9,2,45.8366
4,66,No,8,6,49.5814
8,55,No,5,1,47.3793
9,57,Yes,4,8,53.7671
1,42,Yes,8,1,16.1764
6,93,No,5,5,81.1286
6,55,Yes,9,1,44.197
6,45,Yes,5,3,32.469
7,90,No,8,2,81.8008
8,89,Yes,5,8,83.9649
7,53,No,9,1,44.4278
8,86,Yes,5,9,81.109
5,87,Yes,6,7,73.6364
6,44,No,9,8,33.7905
1,71,Yes,6,6,45.7111
6,92,Yes,9,4,82.4515
3,45,Yes,7,4,25.0579
3,64,Yes,4,7,43.5321
4,48,No,9,4,31.3504
6,82,No,6,7,70.8136
4,75,No,6,5,57.5723
2,92,No,9,0,69.6252
9,92,No,5,2,88.0988
2,47,No,8,6,24.521
8,88,Yes,5,2,81.7607
2,66,No,8,6,43.8606
3,58,Yes,6,1,37.2109
1,64,No,6,9,38.5853
6,60,No,5,2,46.9456
8,63,Yes,9,5,58.8516
9,63,No,9,3,60.7228
3,99,No,9,0,79.6108
5,58,Yes,4,5,42.7503
8,67,No,6,3,60.4754
3,79,Yes,9,5,60.8356
6,81,No,9,5,70.8588
1,86,No,7,4,60.4761
1,52,Yes,9,7,28.0276
8,85,Yes,6,3,79.391
6,88,No,6,5,76.5254
3,90,Yes,5,6,70.2853
4,78,No,7,7,61.5075
1,47,No,9,0,20.9605
4,49,No,8,5,32.0798
2,46,No,5,0,20.8583
1,92,Yes,6,8,67.4819
6,76,Yes,6,4,64.707
4,66,No,4,0,46.4505
4,96,Yes,7,7,80.423
2,66,Yes,5,0,41.8097
6,81,Yes,8,5,70.9664
8,66,No,6,8,60.4461
7,42,No,5,7,32.4728
8,67,Yes,5,3,60.5831
4,69,No,5,7,51.3743
8,93,No,9,0,87.8055
7,68,No,9,6,60.6845
9,52,No,5,9,48.7678
1,42,Yes,6,3,15.5996
6,41,No,9,8,30.7369
8,77,Yes,5,2,70.5641
9,71,No,5,7,67.712
4,52,No,9,5,35.6196
2,98,No,8,0,75.2463
1,67,Yes,8,0,41.4256
6,99,No,6,4,87.5243
1,96,No,7,1,70.0617
1,96,Yes,5,6,70.6718
1,87,No,6,6,61.4033
1,59,Yes,7,9,34.5759
8,52,No,7,1,45.298
3,86,No,4,8,65.5293
2,83,Yes,4,5,59.6159
1,53,Yes,7,5,27.6778
2,91,Yes,7,7,69.6129
7,49,No,9,1,40.3563
7,64,Yes,6,7,55.9461
3,89,Yes,9,2,70.4213
8,81,No,5,2,74.0418
7,65,No,5,9,56.2794
6,75,No,7,7,64.1746
5,55,Yes,6,8,41.2621
7,87,No,8,6,79.538
5,99,No,6,3,84.4662
1,46,No,6,6,19.6704
5,90,No,8,2,76.08
4,40,Yes,8,4,23.315
4,74,No,7,3,56.6451
8,62,No,9,9,58.0308
1,46,Yes,6,4,19.8688
2,91,Yes,8,0,68.715
8,75,Yes,7,4,69.8961
2,59,No,5,6,35.277
9,63,Yes,8,1,60.435
5,88,No,7,3,73.7558
6,78,Yes,5,1,65.6635
2,77,No,7,9,55.1642
5,76,Yes,6,5,62.0443
5,51,Yes,7,1,36.2928
9,56,No,4,4,51.3646
5,46,No,4,6,30.1397
2,77,Yes,6,9,55.2719
6,42,No,6,8,30.2963
5,70,Yes,9,0,56.407
4,82,Yes,7,4,65.5796
6,68,No,6,3,55.7725
6,93,No,6,2,81.0217
5,81,Yes,4,0,65.1728
4,78,No,9,6,62.2821
3,93,No,8,4,73.8082
4,92,No,4,5,73.9038
8,76,Yes,5,4,69.9417
7,91,No,9,9,84.6888
2,74,No,5,2,49.7543
5,48,No,5,5,32.4639
3,58,No,7,0,36.9056
8,75,No,9,8,71.0655
1,46,No,9,8,21.5243
8,99,Yes,8,9,95.7998
7,51,Yes,4,8,41.9391
6,58,Yes,4,2,45.0175
7,41,Yes,6,6,32.3372
7,69,Yes,6,9,61.4309
1,81,No,4,6,54.3237
8,44,No,8,0,37.4435
2,60,No,8,9,38.3465
8,59,Yes,7,9,54.5987
7,47,No,5,5,37.1668
8,51,No,8,4,45.3595
1,60,Yes,4,3,32.949
4,69,Yes,7,6,52.7427
6,66,Yes,8,8,56.2915
2,65,Yes,9,1,42.9341
7,65,Yes,9,6,58.2247
3,75,Yes,9,3,56.3687
2,79,No,6,3,55.5275
2,98,Yes,6,3,75.461
7,89,No,5,1,79.1267
1,50,Yes,7,6,24.8219
9,41,Yes,8,1,38.0418
8,40,Yes,6,7,34.3775
9,83,No,9,7,81.8712
4,93,Yes,4,0,74.5269
2,69,No,8,0,45.7279
2,74,No,5,1,49.5566
5,97,Yes,7,3,83.5104
5,45,No,5,6,29.608
9,82,No,7,3,79.0901
9,43,Yes,8,8,41.4615
8,84,No,5,8,78.2817
4,49,Yes,7,0,31.1989
3,84,Yes,4,6,63.6919
6,85,No,4,3,72.1041
6,60,Yes,6,8,49.2119
7,49,No,6,6,39.8864
1,95,Yes,8,1,70.1238
2,78,Yes,8,4,56.2735
1,93,No,6,2,66.7197
3,80,No,7,7,60.6828
9,43,Yes,9,8,41.9477
4,90,No,8,0,72.8241
5,91,Yes,7,7,78.1941
9,78,Yes,8,3,76.0986
3,47,Yes,4,7,26.2283
9,67,No,4,4,62.5612
8,94,Yes,5,7,88.8566
8,73,No,4,9,66.7966
2,65,Yes,7,4,42.555
8,76,No,9,3,71.0948
8,53,Yes,6,3,46.819
9,56,No,4,3,51.1669
7,79,No,9,0,70.6949
5,58,No,6,3,42.7333
9,76,Yes,8,1,73.6674
5,41,No,7,2,25.7179
2,49,No,6,3,24.9913
6,74,No,8,9,64.0384
7,63,No,6,1,53.1481
9,56,Yes,5,4,52.4446
2,79,No,8,5,56.8953
6,41,Yes,4,7,28.7022
4,45,No,5,4,26.3521
4,60,Yes,8,2,43.2771
1,94,Yes,4,7,68.3476
1,68,No,6,8,42.4591
6,46,No,6,2,33.1815
3,72,Yes,9,2,53.1174
6,87,No,7,1,75.2029
2,92,Yes,5,9,70.0538
2,63,Yes,6,7,40.6262
4,65,No,4,4,46.2235
1,86,No,5,4,59.5038
7,99,Yes,8,8,92.7417
4,41,No,7,4,23.2529
3,60,Yes,8,1,40.219
3,53,No,6,5,32.3186
1,81,Yes,6,7,56.0875
2,83,Yes,9,1,61.2559
8,58,No,6,6,51.9077
5,84,Yes,6,8,70.7805
2,52,Yes,8,9,30.7973
3,61,No,6,6,40.6593
3,95,No,6,1,74.2785
7,83,Yes,5,6,74.6018
1,99,No,9,7,75.274
9,74,Yes,7,9,72.7272
1,53,Yes,9,5,28.6501
6,52,Yes,7,5,40.9619
6,86,No,7,2,74.3827
1,53,No,5,0,25.1231
2,90,No,8,1,67.301
9,75,Yes,6,7,72.8635
6,40,Yes,4,9,28.0798
2,92,Yes,7,4,70.0376
8,50,Yes,4,5,43.1885
3,66,No,8,8,47.1164
9,61,Yes,9,9,60.4672
9,85,Yes,7,6,83.3307
9,88,Yes,8,5,86.6728
2,85,Yes,9,1,63.2916
8,49,No,5,6,42.2607
8,63,Yes,5,0,55.9184
4,48,Yes,9,6,32.3396
4,56,Yes,5,1,37.5494
6,77,No,6,4,65.1311
6,79,No,8,3,67.9414
6,76,Yes,5,7,64.814
7,45,No,8,4,36.3918
9,60,Yes,9,7,59.0538
3,75,No,8,1,54.8933
4,75,No,9,9,59.8216
8,64,No,5,7,57.7265
7,50,No,7,7,41.5882
3,84,No,6,6,64.0704
3,87,Yes,8,5,68.4925
1,96,No,7,5,70.8526
4,75,Yes,9,7,60.02
4,42,Yes,7,0,24.0738
2,48,No,7,1,24.0641
4,47,No,6,0,28.0832
6,77,Yes,8,9,67.6858
7,43,Yes,9,2,35.0406
5,81,Yes,5,3,66.2521
5,43,No,7,9,29.1377
8,83,No,9,5,78.6153
9,43,No,4,4,38.1322
8,48,Yes,4,0,40.1641
4,51,Yes,9,0,34.207
7,94,No,9,1,86.1607
4,47,Yes,8,9,31.4287
4,59,Yes,8,2,42.2592
9,78,Yes,6,7,75.9171
5,74,Yes,6,5,60.0086
1,88,Yes,4,5,61.8449
8,96,Yes,5,9,91.2877
4,98,Yes,9,6,83.2334
2,95,No,4,2,70.6435
9,46,Yes,4,2,41.3842
5,70,No,4,4,54.1732
4,57,Yes,9,4,41.1051
7,53,No,6,8,44.3533
3,78,Yes,6,9,59.1502
5,98,Yes,8,7,85.8053
3,76,Yes,9,8,58.3752
5,48,No,9,3,34.0131
8,59,No,4,9,52.5464
9,96,No,6,8,93.8428
2,67,Yes,7,2,44.1953
7,92,No,9,1,84.1249
6,66,Yes,6,3,54.3306
4,47,No,8,6,30.2418
7,96,Yes,7,2,88.0157
8,71,No,9,6,66.5985
5,48,Yes,7,7,34.4254
6,69,No,9,7,59.0397
7,40,Yes,4,8,30.7425
1,44,No,8,6,18.607
8,74,Yes,5,6,68.3013
8,53,No,7,5,47.1068
4,69,No,4,0,49.5041
1,43,No,9,0,16.889
1,46,Yes,5,5,19.5803
9,52,Yes,7,6,49.7408
9,43,Yes,6,8,40.4892
9,82,No,6,5,78.9994
2,75,No,6,0,50.8629
3,47,No,9,2,27.0767
6,71,No,7,9,60.4986
2,81,No,7,2,57.8517
7,65,No,8,0,55.9584
5,81,Yes,5,1,65.8567
3,86,Yes,6,9,67.2932
9,57,Yes,8,7,55.5141
3,97,No,7,9,78.3821
5,83,Yes,7,0,68.6671
8,96,No,9,5,91.8477
6,40,Yes,6,2,27.6681
5,87,Yes,9,5,74.6994
4,67,No,7,3,49.52
6,44,Yes,5,6,32.0443
4,40,Yes,6,6,22.7382
4,97,Yes,8,0,80.5431
2,92,No,4,1,67.3921
9,92,Yes,7,3,89.8627
7,94,No,5,5,85.0069
7,65,Yes,7,0,56.0661
8,46,No,9,5,40.954
8,94,Yes,6,4,88.7496
4,91,No,9,7,75.7122
7,65,No,5,8,56.0817
4,53,Yes,5,4,35.0889
7,47,No,8,5,38.6253
1,67,No,4,6,40.0734
1,96,No,8,7,71.7342
6,58,Yes,4,8,46.2038
3,71,Yes,4,5,50.2618
2,62,Yes,9,4,40.4737
1,56,No,6,2,29.0583
3,77,No,5,4,56.0637
4,61,Yes,7,5,44.402
7,87,No,7,8,79.4473
8,90,Yes,7,2,84.7688
1,52,Yes,7,0,25.6713
9,91,Yes,7,1,88.4494
6,62,Yes,9,2,51.5198
7,51,Yes,5,0,40.8435
2,57,No,6,2,32.9366
6,97,No,9,3,86.7494
2,53,No,5,2,28.3789
6,97,Yes,9,7,88.134
9,77,No,9,0,74.3799
9,97,Yes,4,0,92.9004
7,96,Yes,9,1,88.7903
8,91,Yes,7,2,85.7867
7,71,No,9,4,63.3427
9,96,No,6,9,94.0405
4,73,Yes,4,3,54.7626
6,53,No,9,2,41.7651
2,83,Yes,4,1,58.8251
8,56,No,9,3,50.7373
5,54,Yes,9,9,41.9004
2,71,Yes,8,8,49.9392
4,52,Yes,5,1,33.4779
1,60,Yes,7,8,35.396
2,79,Yes,7,9,57.7938
9,96,Yes,8,9,95.6066
9,55,No,7,7,52.3983
7,70,Yes,9,6,63.3141
6,75,Yes,4,1,62.1237
6,99,Yes,6,4,88.1182
7,84,No,7,0,74.8119
3,51,Yes,7,6,31.5605
2,95,Yes,9,7,74.6567
4,43,No,7,1,24.6955
9,67,Yes,7,1,64.0204
4,81,No,7,5,64.1657
3,49,No,9,5,29.7056
2,80,Yes,7,2,57.4277
9,88,No,5,6,84.8182
3,41,No,6,5,20.1041
3,67,No,4,3,45.2011
1,92,Yes,4,6,66.1141
4,50,No,5,6,31.8369
6,98,No,8,2,87.0834
7,41,Yes,6,8,32.7327
4,80,Yes,9,8,65.3071
7,73,Yes,4,2,63.146
5,92,Yes,4,6,77.5557
7,61,No,5,0,50.4285
5,62,Yes,6,1,47.0032
6,58,Yes,8,1,46.7644
5,87,Yes,6,3,72.8455
5,71,Yes,4,5,55.9826
4,86,No,7,3,68.8596
5,78,Yes,7,4,64.3685
4,96,Yes,8,0,79.5252
7,74,Yes,5,2,64.6501
6,53,No,5,6,40.6114
9,78,No,7,4,75.2163
5,87,Yes,6,7,73.6364
8,98,Yes,5,9,93.3235
1,48,Yes,7,3,22.193
8,56,No,4,5,48.7019
7,56,No,8,4,47.5884
8,98,No,4,9,92.2435
4,77,Yes,9,7,62.0557
7,85,No,8,8,77.8977
3,69,No,4,2,47.0391
5,66,Yes,4,7,51.2887
2,55,Yes,6,5,32.0878
1,62,Yes,7,3,36.4432
9,61,No,4,8,57.2448
2,66,No,4,3,41.3228
5,41,No,4,8,25.4457
2,65,No,7,2,41.5657
6,67,Yes,5,2,54.6646
5,58,Yes,7,2,43.6156
2,59,No,7,5,36.0516
7,69,No,5,3,59.1646
4,42,No,6,0,22.9938
4,85,No,5,3,66.8694
1,78,No,8,0,52.0284
9,67,Yes,7,4,64.6135
2,90,No,6,0,66.131
5,96,No,7,7,82.6896
6,59,Yes,7,9,48.8779
5,73,Yes,7,5,59.4769
4,97,No,7,7,80.8471
8,73,No,4,1,65.2149
7,92,No,6,4,83.2596
8,59,No,9,0,53.1978
5,94,Yes,8,9,82.1293
7,58,No,8,6,50.0196
2,84,Yes,8,0,61.5899
6,43,Yes,6,8,31.908
2,94,Yes,5,2,70.7056
8,86,Yes,8,8,82.3698
3,72,No,6,5,51.6582
5,41,Yes,9,6,28.0749
4,81,No,7,9,64.9565
4,64,Yes,9,8,49.0211
6,54,Yes,8,7,43.8792
3,63,No,6,1,41.7065
6,70,No,7,7,59.0853
7,45,Yes,7,2,36.104
4,57,Yes,7,2,39.7373
4,90,Yes,9,8,75.4858
7,55,Yes,7,1,46.0851
4,66,No,8,0,48.3951
8,85,No,6,9,79.9835
2,49,No,4,8,25.0075
5,62,No,6,9,47.9911
4,52,No,4,1,32.3979
2,61,Yes,9,9,40.4444
9,62,Yes,7,5,59.7218
1,74,No,4,1,46.21
1,42,Yes,9,7,17.8489
6,41,Yes,6,0,28.2905
1,88,No,5,9,62.5281
3,71,Yes,5,9,51.5389
5,72,No,7,0,56.8766
5,55,Yes,4,9,40.4875
4,95,Yes,9,5,79.982
3,95,Yes,4,9,75.4817
1,41,Yes,8,8,16.5426
8,53,No,8,2,46.9998
4,95,No,9,6,79.586
9,94,Yes,7,5,92.2939
7,69,Yes,5,8,60.747
6,59,Yes,4,5,46.6285
6,95,No,6,9,84.4414
9,70,Yes,8,2,67.7579
8,46,No,9,0,39.9654
4,94,Yes,8,3,78.0826
7,52,No,4,4,41.5723
7,89,Yes,4,5,80.0252
8,95,Yes,9,6,91.6214
5,91,No,9,4,77.9794
5,43,Yes,7,0,27.952
7,54,Yes,7,1,45.0672
3,91,Yes,8,5,72.564
9,47,No,5,2,42.2944
2,93,No,6,4,69.9755
7,48,No,9,1,39.3384
6,96,Yes,5,9,85.5669
7,74,Yes,8,7,67.0971
1,91,No,6,1,64.4862
7,58,Yes,6,4,49.2457
6,87,Yes,6,1,75.3105
6,91,No,6,2,78.9859
1,40,No,9,6,15.0216
6,90,No,5,4,77.8773
4,79,No,4,4,60.4737
2,93,Yes,4,2,69.2016
3,43,Yes,5,5,22.2475
9,57,No,7,9,54.8295
2,60,No,8,2,36.9625
5,40,No,4,5,23.8347
3,75,No,6,5,54.7119
8,47,No,4,9,40.3319
8,66,No,6,9,60.6438
2,58,No,6,9,35.3384
8,91,No,7,1,84.9952
5,80,Yes,5,6,65.8274
4,50,Yes,7,3,32.8099
7,60,No,7,8,51.9646
6,46,Yes,9,5,35.827
3,62,No,5,6,41.191
9,76,Yes,8,1,73.6674
2,72,Yes,8,4,50.1662
9,54,Yes,5,7,51.002
2,42,Yes,9,4,20.1162
8,92,No,6,7,86.7132
6,41,No,8,8,30.2508
3,80,Yes,7,0,59.8926
3,40,Yes,9,9,21.9294
9,47,Yes,7,1,43.6629
6,86,Yes,7,9,76.3605
5,74,Yes,7,1,59.7039
1,99,No,7,3,73.5108
4,84,No,5,3,65.8515
2,83,No,7,6,60.6783
4,83,Yes,5,4,65.6252
7,83,Yes,9,5,76.3487
6,45,No,4,5,31.7845
5,64,No,6,5,49.236
3,70,Yes,8,3,50.7932
7,80,Yes,9,5,73.2951
9,41,Yes,5,7,37.7696
2,60,Yes,9,4,38.4379
6,92,Yes,9,7,83.0447
7,83,Yes,4,2,73.3248
8,73,Yes,4,6,66.7973
6,99,Yes,5,3,87.4343
4,48,No,4,7,29.5127
3,95,Yes,5,4,74.9793
3,69,Yes,4,1,47.4352
4,61,No,6,0,42.3334
9,50,No,7,8,47.5067
6,52,Yes,8,9,42.2389
3,55,No,9,4,35.6151
3,40,Yes,8,0,19.6638
9,50,Yes,7,5,47.5073
7,83,Yes,9,8,76.9419
3,80,No,5,9,60.1059
3,67,Yes,9,0,47.6326
8,81,Yes,9,3,76.778
9,40,Yes,8,9,38.6056
9,67,No,4,9,63.5498
7,97,Yes,7,9,90.4175
2,94,No,8,0,71.1748
5,56,No,9,5,42.5515
5,65,Yes,9,9,53.0971
5,59,Yes,9,0,45.2104
5,52,No,7,9,38.2985
9,45,No,5,8,41.445
1,62,No,7,1,35.454
6,41,Yes,8,4,30.0537
4,56,Yes,7,3,38.9172
6,71,No,8,6,60.3916
2,42,No,7,9,19.5386
9,41,Yes,5,5,37.3742
8,80,Yes,4,5,73.7247
7,57,Yes,7,7,49.3071
6,83,Yes,6,3,71.6344
2,65,No,9,9,43.922
6,51,Yes,4,0,37.497
9,60,Yes,9,3,58.263
1,87,Yes,4,4,60.6293
1,47,Yes,8,8,22.6498
1,62,No,8,9,37.5219
7,52,No,5,8,42.8493
5,93,No,7,1,78.4497
5,92,No,8,6,78.9066
1,88,No,6,8,62.8166
6,53,Yes,7,1,41.1889
9,55,Yes,7,5,52.5967
1,78,No,4,6,51.2701
7,71,Yes,4,7,62.0989
1,57,No,8,0,30.653
8,69,Yes,4,5,62.5281
8,97,No,9,6,93.0633
5,58,No,8,2,43.508
7,86,No,6,4,77.1524
2,45,Yes,8,5,22.8813
2,59,Yes,5,6,35.8708
2,77,No,7,5,54.3734
5,97,Yes,5,3,82.5381
8,80,No,8,2,74.4824
1,97,Yes,8,7,73.3459
9,63,No,8,9,61.4229
3,65,No,8,3,45.11
3,53,Yes,9,8,34.964
9,87,No,4,3,82.721
5,98,Yes,4,6,83.663
6,79,No,6,9,68.1554
1,42,No,4,2,13.8357
5,77,No,4,0,60.5075
6,95,No,5,5,83.1644
4,79,Yes,6,4,62.0399
7,72,Yes,4,2,62.1282
9,53,Yes,6,9,50.8657
9,99,Yes,8,8,98.4625
4,67,No,5,6,49.1408
2,54,Yes,7,6,31.7538
8,53,Yes,4,3,45.8467
3,65,No,9,1,45.2007
1,41,Yes,5,5,14.491
5,49,No,7,4,34.2563
5,60,Yes,4,0,43.7974
8,99,No,9,3,94.5059
3,83,Yes,6,3,63.0532
5,92,No,9,1,78.4042
5,47,No,7,9,33.2092
3,83,No,6,2,62.2617
7,91,No,8,7,83.8072
9,80,Yes,6,4,77.3597
4,63,Yes,9,9,48.2009
1,79,No,7,4,53.351
5,95,Yes,7,2,81.277
6,96,Yes,5,6,84.9738
3,98,Yes,7,7,79.5984
2,73,Yes,6,6,50.6072
3,50,No,4,1,27.5018
5,57,Yes,5,3,41.8231
3,82,Yes,4,3,61.063
1,57,Yes,7,8,32.3424
3,52,No,7,4,31.5892
8,40,Yes,6,0,32.9935
9,43,Yes,6,6,40.0938
8,67,No,4,1,59.1077
5,65,No,5,4,49.57
1,62,Yes,7,6,37.0364
2,78,No,9,3,55.9681
6,77,Yes,7,0,65.4202
6,74,No,5,4,61.5913
7,69,Yes,5,1,59.363
5,92,No,5,8,77.8435
8,77,No,4,2,69.4841
4,68,Yes,5,5,50.5548
9,91,No,5,8,88.2672
7,43,Yes,7,0,33.6728
6,98,No,8,0,86.6879
8,55,Yes,9,3,50.3132
7,64,Yes,7,8,56.6299
3,50,No,7,0,28.7626
2,95,No,5,8,72.3159
8,75,No,8,3,69.5907
5,47,Yes,4,5,31.5536
5,85,Yes,8,5,72.1775
2,80,No,6,0,55.9523
3,61,Yes,8,1,41.2369
3,90,No,6,5,69.98
8,49,Yes,4,3,41.7752
3,73,No,5,5,52.1899
1,85,Yes,9,5,61.2221
5,68,No,5,6,53.0191
8,84,Yes,6,9,79.5594
3,48,Yes,5,3,26.9414
8,78,No,7,0,71.5651
4,94,Yes,4,5,76.5334
2,71,Yes,9,9,50.6231
1,89,Yes,5,5,63.349
6,95,No,5,6,83.3621
8,90,No,5,4,83.5981
8,56,Yes,9,9,52.5174
7,58,No,8,8,50.415
5,91,No,4,4,75.5486
7,96,Yes,6,3,87.7272
5,82,Yes,4,6,67.377
9,69,Yes,5,9,66.6655
4,81,Yes,8,1,64.4548
8,51,Yes,4,9,44.9972
4,52,No,5,3,33.2795
5,91,No,4,4,75.5486
6,59,No,9,0,47.477
7,76,Yes,7,7,68.6467
9,98,Yes,4,8,95.5
5,60,No,9,2,46.0299
4,64,No,8,6,47.5457
2,65,Yes,8,1,42.448
5,40,Yes,8,9,27.164
9,83,No,8,9,81.7804
8,45,Yes,9,7,40.9253
7,67,Yes,8,6,59.7743
7,84,No,6,0,74.3258
4,69,No,8,5,52.4373
3,57,No,6,3,35.9947
5,66,No,6,8,51.8649
2,60,Yes,6,5,37.1771
3,99,No,8,8,80.7063
7,79,Yes,9,6,72.475
9,54,Yes,4,4,49.9227
5,91,No,6,3,76.3232
1,57,No,8,3,31.2462
7,94,Yes,4,2,84.5214
2,76,Yes,9,8,55.5148
9,99,Yes,5,7,96.8063
2,91,No,8,2,68.5166
6,59,No,9,5,48.4655
8,40,No,4,3,32.0205
1,60,No,9,5,35.1814
4,62,No,7,1,44.0352
3,93,Yes,9,5,75.0859
5,58,Yes,8,8,45.2881
1,67,No,9,3,41.9111
6,70,No,8,5,59.176
1,70,No,9,4,45.1624
8,61,No,8,9,56.5268
6,84,Yes,4,5,72.0754
9,48,Yes,9,3,46.0485
2,91,No,9,2,69.0028
5,48,Yes,7,0,33.0414
9,55,No,7,2,51.4098
1,71,No,7,7,45.8011
4,53,No,8,9,36.9422
7,47,No,8,7,39.0207
8,85,Yes,6,8,80.3796
1,82,No,8,7,57.4839
7,95,Yes,5,6,86.8163
9,67,No,5,9,64.0359
8,85,No,7,2,79.0856
6,87,No,5,3,74.626
8,59,Yes,4,7,52.7448
9,72,No,9,0,69.2905
8,41,Yes,5,1,33.7229
9,56,No,7,9,53.8116
7,91,No,4,3,81.0717
8,76,Yes,4,6,69.8509
6,56,Yes,6,4,44.3495
1,77,No,4,4,49.8568
7,74,Yes,6,7,66.1248
9,86,No,6,6,83.2686
1,74,Yes,7,4,48.8554
4,97,No,5,9,80.2702
6,96,No,9,1,85.3361
8,48,No,9,6,43.1874
1,67,Yes,8,5,42.4142
4,75,No,8,6,58.7423
9,97,No,6,6,94.4652
1,84,No,9,6,59.8081
6,89,Yes,5,2,77.0578
6,89,Yes,8,8,79.7026
2,73,Yes,4,8,50.0303
6,70,Yes,7,6,59.4814
6,87,Yes,9,2,76.9667
4,68,Yes,9,7,52.8949
8,58,No,5,3,50.8284
9,66,Yes,4,7,62.7303
7,67,No,8,0,57.9942
6,63,Yes,6,2,51.0792
1,74,Yes,6,5,48.567
5,43,No,6,0,26.8721
1,46,No,8,8,21.0381
2,61,No,4,8,37.222
6,61,Yes,4,3,48.2689
6,93,No,8,9,83.378
4,95,Yes,8,3,79.1005
8,76,No,5,8,70.1387
2,55,No,5,7,31.4032
5,67,No,8,0,52.2734
3,82,No,5,8,61.944
1,40,No,9,2,14.2308
3,47,No,7,4,26.4998
4,96,No,7,3,79.0384
4,58,No,4,9,40.0869
5,89,No,9,7,76.5368
4,44,Yes,6,8,27.2051
1,98,Yes,5,2,71.9167
2,73,Yes,8,7,51.7773
6,91,Yes,4,3,78.8051
9,54,Yes,9,2,51.958
4,81,Yes,6,3,63.8779
7,56,Yes,8,2,47.7868
7,92,Yes,8,4,84.8257
4,46,No,7,4,28.3423
1,66,Yes,4,2,38.8585
8,68,No,8,7,63.2565
2,46,No,9,1,23.0007
8,82,No,8,3,76.7159
2,58,Yes,5,9,35.4461
5,79,No,4,3,63.1364
4,45,Yes,7,0,27.1274
7,64,Yes,8,6,56.7207
9,79,Yes,8,9,78.3027
6,61,No,7,4,49.3312
5,56,No,8,2,41.4722
8,61,Yes,6,6,55.5551
7,73,Yes,9,5,66.17
7,47,No,7,6,38.3368
5,84,Yes,9,8,72.239
3,63,Yes,5,2,42.0119
4,99,No,8,4,82.7759
9,66,No,8,5,63.6857
2,78,Yes,8,0,55.4826
6,71,Yes,8,7,61.1831
4,67,Yes,4,8,49.6439
8,67,Yes,5,4,60.7808
5,65,No,7,2,50.1469
7,42,Yes,6,3,32.762
2,40,Yes,6,8,17.4128
9,44,No,5,8,40.4271
4,78,No,7,5,61.112
5,74,Yes,5,9,60.3133
5,88,Yes,8,5,75.2312
6,55,Yes,4,7,42.9525
7,65,No,9,7,57.8286
9,64,Yes,9,5,62.7299
9,86,No,5,2,81.9916
9,54,No,8,0,50.4826
1,49,Yes,8,6,24.2901
1,40,Yes,7,6,14.6431
7,73,No,4,0,62.1568
8,62,No,9,8,57.8331
3,82,No,5,6,61.5485
9,64,No,4,3,59.3099
3,52,Yes,8,6,33.0646
4,72,Yes,7,0,54.61
4,81,No,4,1,61.9163
7,71,Yes,5,0,61.201
3,79,Yes,6,0,58.3886
8,83,No,4,1,75.3937
3,80,No,8,7,61.169
3,81,No,5,8,60.9261
2,49,Yes,6,7,26.3759
1,68,No,8,3,42.4428
5,56,No,7,8,42.1723
6,65,No,4,3,51.7466
6,60,Yes,7,5,49.1049
8,56,Yes,6,7,50.6635
2,79,Yes,6,2,55.9236
5,79,Yes,9,1,65.7656
7,88,Yes,6,0,78.9911
8,41,Yes,6,8,35.5931
4,98,Yes,9,4,82.838
9,87,No,7,3,84.1795
6,51,No,5,2,37.7847
1,55,Yes,7,1,28.9227
6,42,No,8,6,30.8732
6,97,No,5,4,85.0024
2,60,No,4,9,36.4019
2,61,No,5,1,36.3242
6,68,Yes,4,5,55.7894
3,48,Yes,7,0,27.3206
9,92,Yes,4,2,88.2065
1,93,No,8,5,68.2851
8,65,Yes,8,4,60.2035
4,45,No,9,1,27.7036
9,87,No,7,7,84.9703
1,50,No,4,6,22.7696
1,49,No,5,7,22.4356
4,86,No,4,2,67.2034
9,73,No,7,0,69.3361
4,70,Yes,9,2,53.942
3,51,Yes,9,2,31.742
1,90,No,5,6,63.9707
4,83,No,4,9,65.5338
9,55,No,8,8,53.0822
6,42,No,9,7,31.5571
3,97,No,9,0,77.575
4,64,No,7,1,46.0709
5,74,No,8,4,60.1894
9,74,Yes,6,5,71.4502
4,61,No,6,4,43.1243
9,76,Yes,5,2,72.4066
9,74,No,4,8,70.4772
4,84,No,9,7,68.587
1,59,Yes,6,0,32.3103
5,81,No,4,4,65.3699
4,43,No,6,7,25.3957
8,97,Yes,6,3,91.6055
3,55,Yes,5,2,33.8689
2,43,Yes,7,8,20.9526
3,77,Yes,6,1,56.5506
8,54,No,4,4,46.4684
1,76,No,7,3,50.0997
7,55,No,7,3,45.8867
6,86,No,9,5,75.9482
5,46,Yes,7,9,32.7851
8,73,Yes,4,7,66.995
2,40,No,8,1,16.4073
5,71,No,8,0,56.3449
2,97,No,4,4,73.0747
9,44,Yes,9,7,42.7678
4,69,No,7,2,51.358
6,55,No,8,3,43.5124
3,41,No,5,8,20.2111
6,80,Yes,5,5,68.4901
5,50,Yes,8,3,36.1565
1,79,No,7,4,53.351
2,68,Yes,7,9,46.5972
5,54,Yes,6,8,40.2442
7,95,No,9,6,88.1671
5,51,Yes,8,8,38.1629
4,64,Yes,9,4,48.2302
1,71,Yes,8,1,45.6948
7,57,Yes,8,6,49.5955
6,46,No,4,7,33.1978
9,84,No,7,4,81.3236
4,45,Yes,4,8,27.2506
7,53,No,6,6,43.9579
1,43,No,7,7,17.3006
6,55,No,8,6,44.1056
3,90,Yes,4,5,69.6015
4,58,Yes,7,1,40.5575
9,43,No,7,4,39.5907
1,90,No,4,6,63.4846
2,80,Yes,4,1,55.7715
2,88,No,4,8,64.7047
3,49,No,4,1,26.4839
8,54,Yes,5,4,47.5484
7,43,Yes,4,1,32.4121
9,50,No,9,3,47.4904
9,50,No,6,5,46.4274
9,47,No,8,9,45.1369
3,90,Yes,8,6,71.7438
3,83,No,8,0,62.8386
6,83,Yes,4,7,71.453
2,89,No,9,0,66.5716
3,53,Yes,8,1,33.0939
8,41,Yes,9,1,35.6675
2,81,No,9,2,58.824
3,75,Yes,9,4,56.5664
3,59,No,4,2,36.8604
4,98,No,5,1,79.7064
9,45,Yes,6,8,42.525
8,87,Yes,8,4,82.5968
5,75,No,7,5,60.9188
4,84,No,4,6,65.9585
1,81,Yes,4,9,55.5107
6,74,Yes,8,1,63.0505
2,67,No,5,5,43.2223
7,67,No,9,3,59.0735
1,50,Yes,8,5,25.1103
6,75,No,7,7,64.1746
7,41,Yes,4,2,30.574
6,59,No,5,9,47.3117
8,41,No,9,1,35.0737
4,50,Yes,6,9,33.51
1,71,No,7,8,45.9989
6,94,No,6,5,82.6327
3,61,Yes,8,7,42.4232
8,56,No,7,4,49.9627
8,75,No,8,9,70.777
1,91,Yes,9,7,67.7248
4,53,No,7,1,34.8743
3,97,Yes,4,2,76.1335
3,48,No,6,9,28.0201
5,51,Yes,7,1,36.2928
6,95,Yes,6,7,84.6398
6,43,No,7,1,30.4163
4,96,Yes,8,9,81.3046
7,64,Yes,9,0,56.0205
5,44,Yes,9,2,30.3377
3,46,Yes,7,4,26.0757
5,78,Yes,8,3,64.657
4,98,Yes,4,9,81.3957
9,81,Yes,9,5,80.0338
2,58,Yes,6,1,34.3505
7,82,Yes,6,9,74.6633
7,42,No,8,3,33.1405
9,57,No,4,4,52.3825
6,59,No,8,2,47.3862
3,68,No,6,6,47.7844
2,94,No,7,5,71.6772
8,62,Yes,8,3,56.9522
6,70,No,5,7,58.1129
6,60,No,7,3,48.1157
4,41,No,4,9,22.783
6,43,No,8,6,31.8911
6,96,Yes,6,4,85.0645
8,46,No,6,0,38.5069
1,58,No,4,6,30.9126
4,83,Yes,7,7,67.1907
4,40,No,5,4,21.2627
7,58,Yes,4,1,47.6802
8,84,No,7,3,78.2655
4,53,No,6,7,35.5744
7,83,Yes,5,5,74.4041
2,78,Yes,8,2,55.8781
7,96,Yes,8,2,88.5018
2,83,Yes,6,0,59.5997
2,40,No,9,2,17.0912
4,71,No,9,7,55.3547
5,47,Yes,8,7,33.8937
3,57,Yes,7,2,36.8769
5,84,Yes,4,7,69.6105
9,68,No,9,3,65.8122
8,71,Yes,8,7,66.9039
7,87,Yes,9,7,80.8157
8,97,Yes,5,7,91.9102
8,49,No,9,8,44.6007
5,73,Yes,9,3,60.0538
4,56,Yes,9,9,41.0758
8,67,Yes,5,9,61.7694
7,77,No,9,8,70.2408
8,89,No,5,3,82.3825
1,94,Yes,5,1,67.6475
7,41,No,6,5,31.5457
7,88,No,7,6,80.0697
8,60,No,7,9,55.0227
2,43,Yes,4,0,17.9124
9,83,Yes,4,8,80.2319
3,73,No,6,7,53.0715
8,48,No,9,3,42.5943
4,46,No,9,1,28.7215
5,69,Yes,9,7,56.7731
6,83,Yes,6,6,72.2276
9,54,Yes,6,7,51.4881
2,95,Yes,9,6,74.459
7,84,No,4,3,73.9466
1,92,Yes,6,7,67.2842
3,58,No,4,7,36.8311
4,79,No,6,6,61.8415
6,80,Yes,9,1,69.6439
3,54,No,5,0,31.8617
8,85,Yes,8,9,81.5496
9,90,Yes,4,9,87.5547
9,94,Yes,6,9,92.5986
7,74,Yes,8,2,66.1086
4,42,No,8,9,25.7456
8,49,Yes,6,3,42.7475
8,51,Yes,9,0,45.6486
1,52,No,9,1,26.2475
9,63,No,4,8,59.2806
2,96,No,9,3,74.2899
2,55,No,4,7,30.9171
1,71,Yes,4,1,43.7502
2,76,No,7,1,52.5646
2,95,Yes,7,5,73.2889
7,86,No,6,0,76.3615
1,51,No,8,3,25.1389
4,99,No,4,9,81.8198
9,40,No,8,2,36.6278
2,61,Yes,7,6,38.8789
8,81,Yes,5,0,74.2402
1,45,Yes,4,5,18.0763
8,59,No,5,3,51.8463
3,60,No,7,7,40.3253
6,45,Yes,8,3,33.9275
6,67,No,5,4,54.4662
3,88,No,9,0,68.4141
5,90,No,8,0,75.6845
3,80,Yes,8,0,60.3788
8,83,Yes,6,6,77.9484
6,58,Yes,9,3,47.646
5,71,No,5,5,55.875
4,84,No,8,8,68.2986
9,88,No,6,7,85.5021
7,87,Yes,4,7,78.3849
3,62,No,5,2,40.4002
2,71,Yes,4,2,46.8083
2,53,Yes,6,8,30.6452
6,60,No,6,3,47.6295
2,40,Yes,5,6,16.5312
8,94,No,9,1,89.0211
8,91,No,6,9,86.0907
3,50,No,5,8,29.372
7,75,Yes,4,1,64.9841
7,93,Yes,6,3,84.6736
1,65,No,4,5,37.84
6,47,Yes,8,4,36.161
3,58,No,8,1,37.5894
4,69,No,5,7,51.3743
1,97,Yes,6,4,71.7804
5,67,No,9,9,54.539
4,92,No,4,8,74.497
7,57,No,9,3,48.8947
5,85,No,6,1,69.8205
1,55,No,5,4,27.9497
6,57,Yes,6,7,45.9605
7,94,No,4,0,83.5322
9,56,No,5,7,52.4439
6,89,Yes,8,4,78.9117
5,70,No,8,2,55.7225
1,56,No,4,9,29.47
6,97,Yes,8,1,86.4616
1,84,No,6,8,58.7451
6,47,No,9,5,36.251
6,77,Yes,4,2,64.3572
6,62,Yes,8,5,51.6268
8,71,No,9,1,65.61
5,88,No,6,6,73.8627
3,78,No,8,2,58.1447
6,84,Yes,8,4,73.8223
1,42,No,8,9,17.1644
1,52,No,7,6,26.2638
8,85,Yes,6,1,78.9956
8,45,No,5,6,38.1892
1,86,Yes,5,4,60.0976
4,92,Yes,4,7,74.8931
8,46,No,6,0,38.5069
4,69,Yes,5,1,50.7818
2,60,Yes,5,9,37.4818
2,44,No,4,1,18.5341
7,90,No,4,8,81.0424
2,69,Yes,5,7,46.2473
5,75,No,9,3,61.4957
5,94,No,8,3,80.3492
7,52,Yes,8,6,44.5062
5,53,No,9,5,39.4979
6,76,Yes,9,9,67.1541
8,52,No,6,2,45.0096
9,97,Yes,9,3,95.9244
4,83,No,4,1,63.9521
6,46,Yes,4,5,33.3962
8,87,Yes,4,5,80.8498
8,46,Yes,8,7,41.457
6,89,Yes,6,5,78.1371
6,59,Yes,7,4,47.8893
3,77,No,7,3,56.8383
9,79,Yes,8,6,77.7096
7,71,No,5,5,61.5958
1,78,No,9,9,54.294
4,61,Yes,4,0,41.9549
7,90,Yes,7,2,81.9084
9,41,Yes,5,2,36.781
7,92,No,4,7,82.8804
9,82,No,5,8,79.1064
3,62,No,4,6,40.7049
7,93,No,9,0,84.9451
9,53,No,6,7,49.8764
6,75,No,4,2,61.7276
2,89,No,4,7,65.5248
4,81,Yes,5,4,63.5894
2,67,No,9,6,45.3646
4,55,Yes,5,8,37.9155
5,54,No,8,6,40.2273
3,79,Yes,9,2,60.2425
7,89,No,4,6,79.6291
4,70,Yes,9,1,53.7443
6,42,Yes,6,8,30.8901
4,87,Yes,9,2,71.2459
9,72,Yes,5,2,68.3351
6,65,No,8,1,53.2958
2,55,Yes,6,3,31.6923
4,55,Yes,5,5,37.3224
7,59,No,9,4,51.1282
4,93,No,6,5,75.894
2,40,Yes,4,8,16.4405
8,81,No,4,3,73.7534
7,43,No,4,2,32.016
5,54,No,8,8,40.6227
8,90,Yes,7,7,85.7574
7,47,No,8,1,37.8344
4,99,No,6,8,82.5944
1,66,No,8,2,40.2094
1,70,Yes,8,9,46.2587
2,69,No,5,4,45.0603
2,54,No,8,8,32.0415
8,40,No,9,8,35.4398
1,92,Yes,6,7,67.2842
6,55,Yes,4,4,42.3593
6,77,Yes,8,4,66.6972
9,49,No,9,3,46.4725
2,76,Yes,5,6,53.1747
9,51,Yes,4,7,47.4622
2,59,No,6,5,35.5655
8,88,No,5,7,82.1555
7,91,No,5,1,81.1624
1,83,Yes,7,6,58.4117
3,41,Yes,4,1,18.9347
6,56,No,4,9,43.772
2,64,No,4,0,38.6939
8,75,No,4,9,68.8324
6,70,No,4,9,58.0222
4,51,No,5,9,33.4479
1,62,No,5,5,35.2725
3,78,No,4,2,56.2
6,54,Yes,5,5,42.0253
2,76,No,9,5,54.3278
5,97,Yes,7,5,83.9059
4,44,Yes,6,9,27.4028
7,78,No,8,5,70.1794
3,59,Yes,8,9,40.7828
1,49,Yes,4,5,22.1478
8,63,Yes,4,8,57.014
9,56,Yes,8,3,53.7053
6,84,No,9,5,73.9124
9,63,Yes,5,9,60.5583
9,82,No,7,6,79.6833
4,60,Yes,8,4,43.6725
7,54,Yes,7,7,46.2535
6,60,Yes,6,2,48.0256
5,41,Yes,5,7,26.328
3,43,No,6,8,22.733
3,99,Yes,6,8,80.3278
5,99,Yes,8,9,87.2186
4,80,No,9,0,63.1315
7,84,No,6,3,74.9189
4,57,Yes,8,1,40.0258
6,64,No,7,1,51.7917
6,93,Yes,5,7,82.1179
4,87,No,8,8,71.3522
6,93,Yes,5,9,82.5133
7,73,No,8,3,64.6946
8,56,No,7,0,49.1718
3,63,Yes,6,5,43.0912
6,42,Yes,8,5,31.2693
4,54,Yes,9,7,38.6446
1,89,Yes,8,5,64.8074
4,78,Yes,9,2,62.085
8,76,Yes,5,4,69.9417
7,91,No,9,2,83.3048
9,43,Yes,4,6,39.1215
9,70,No,4,7,66.208
9,72,Yes,7,5,69.9006
6,78,Yes,5,6,66.652
4,48,Yes,4,3,29.3157
1,67,Yes,4,6,40.6673
6,70,No,7,1,57.899
7,92,No,9,7,85.3112
7,62,Yes,4,9,53.3334
6,55,Yes,6,4,43.3316
1,87,Yes,7,5,62.2855
4,67,Yes,6,1,49.2322
8,80,Yes,9,7,76.551
3,99,No,5,1,77.8638
6,52,No,6,4,39.6842
6,84,Yes,4,7,72.4709
4,92,No,8,8,76.4416
1,95,No,6,9,70.1394
5,70,Yes,8,0,55.9208
4,74,Yes,4,9,56.9667
1,69,Yes,7,2,43.3706
8,92,Yes,4,5,85.9392
2,89,No,8,1,66.2832
9,87,No,5,9,84.3935
2,82,Yes,6,6,59.7681
3,49,No,4,7,27.6702
4,80,No,5,0,61.1869
5,51,No,7,1,35.6989
2,60,Yes,9,1,37.8448
2,88,No,8,8,66.6493
6,75,No,8,9,65.0562
5,72,No,7,3,57.4698
5,98,Yes,6,2,83.8444
7,62,Yes,8,4,54.2895
9,82,No,8,8,80.5648
5,41,Yes,4,8,26.0395
6,99,Yes,5,6,88.0274
3,78,Yes,5,5,57.8731
1,76,No,9,7,51.8628
6,87,Yes,4,2,74.5359
7,40,No,6,1,29.737
9,57,Yes,8,3,54.7232
5,97,No,9,4,84.0867
5,59,Yes,9,0,45.2104
3,73,No,8,6,53.8461
3,81,No,6,2,60.226
4,63,No,9,3,46.4208
5,94,Yes,4,0,78.4052
7,75,Yes,8,4,67.5219
3,46,No,4,9,25.012
9,49,No,7,5,45.8957
7,40,Yes,8,6,32.2917
2,89,Yes,5,5,66.2094
9,84,No,9,3,82.0982
4,91,Yes,8,9,76.2152
7,87,Yes,7,9,80.2388
9,92,Yes,9,5,91.2304
9,71,No,7,5,68.2889
4,60,Yes,7,8,43.9772
4,80,No,7,8,63.7409
4,81,No,8,1,63.861
2,40,Yes,5,9,17.1243
2,83,Yes,8,4,61.3629
2,94,No,6,0,70.2025
2,86,Yes,6,2,63.0487
7,97,No,7,7,89.4283
3,70,Yes,7,1,49.9116
7,74,Yes,9,4,66.9902
7,96,No,9,6,89.185
6,89,No,5,5,77.0571
8,44,No,8,2,37.8389
7,89,Yes,5,7,80.9068
8,75,Yes,8,2,69.9868
7,66,No,4,5,56.0203
1,54,No,7,7,28.4973
7,44,No,5,2,33.52
3,91,No,7,7,71.8794
7,50,Yes,5,0,39.8257
7,45,No,7,5,36.1034
3,86,Yes,9,0,66.9722
2,98,No,8,8,76.828
6,66,No,9,8,56.1838
1,90,No,7,7,65.1408
6,69,No,5,5,56.6996
1,74,No,4,0,46.0123
2,81,No,9,4,59.2195
9,76,Yes,6,5,73.4859
9,71,Yes,5,0,66.9218
6,74,Yes,8,6,64.039
3,71,No,4,5,49.668
8,62,No,4,3,54.4137
2,72,Yes,9,8,51.4433
1,64,Yes,8,0,38.372
8,63,Yes,8,3,57.9701
4,78,No,4,6,59.8513
9,85,Yes,5,0,81.1721
1,52,No,5,8,25.6869
9,62,No,9,1,59.3095
3,75,No,6,9,55.5027
6,55,No,4,6,42.1609
3,55,Yes,8,5,35.9205
3,81,No,8,8,62.3846
2,94,Yes,6,8,72.378
8,95,No,7,6,90.0552
7,50,No,6,8,41.2997
9,51,No,7,1,47.1405
6,67,Yes,5,0,54.2691
4,40,No,6,2,21.3535
4,95,No,9,8,79.9814
8,82,No,9,5,77.5975
9,63,Yes,9,6,61.9098
1,86,No,6,9,60.9785
7,64,Yes,6,9,56.3415
5,99,No,4,7,84.2848
8,68,No,5,1,60.6117
4,56,No,6,9,39.0235
7,99,No,6,6,90.7802
8,83,No,4,4,75.9868
7,99,Yes,4,3,89.8085
9,75,Yes,7,9,73.7451
7,91,Yes,4,9,82.8518
6,90,No,6,3,78.1657
3,42,No,9,4,22.3827
6,52,No,4,4,38.7119
3,40,Yes,7,3,19.7708
8,87,No,7,6,81.9122
9,89,Yes,9,3,87.7814
7,93,Yes,6,4,84.8713
6,70,No,8,1,58.3851
8,48,No,9,4,42.792
3,69,Yes,6,7,49.5938
3,98,No,7,2,78.016
2,97,Yes,5,9,75.1432
9,76,No,5,9,73.1968
7,55,Yes,4,5,45.4174
1,76,Yes,7,3,50.6935
3,63,Yes,9,9,45.3405
6,48,Yes,4,0,34.4433
3,62,No,7,0,40.9771
8,74,No,7,7,68.8776
6,46,No,6,2,33.1815
8,69,Yes,4,5,62.5281
9,74,Yes,8,4,72.2248
4,96,No,7,9,80.2246
8,72,Yes,7,8,67.6333
6,92,Yes,5,3,80.3092
3,67,Yes,5,3,46.2811
9,42,Yes,7,1,38.5735
4,57,Yes,4,1,38.0811
2,92,Yes,5,3,68.8676
2,66,No,7,4,42.979
7,40,No,7,6,31.2117
7,45,No,9,7,37.4711
9,50,Yes,6,2,46.428
6,73,Yes,4,8,61.4719
8,78,No,8,1,72.2489
8,60,No,5,2,52.6664
1,95,No,8,4,70.1232
1,52,Yes,6,3,25.7783
2,77,Yes,8,5,55.4533
1,91,Yes,6,3,65.4754
7,40,No,8,2,30.907
5,78,Yes,6,6,64.2778
5,71,Yes,5,0,55.4802
9,88,No,8,8,86.6721
6,43,No,4,5,29.7487
1,48,No,9,5,22.9669
8,45,No,9,0,38.9475
7,93,Yes,4,6,84.2944
8,74,No,5,5,67.5098
6,57,No,8,8,46.5368
1,99,No,6,1,72.6292
7,54,No,6,7,45.1735
2,56,Yes,5,3,32.224
7,82,No,4,4,72.1085
2,54,No,8,0,30.4598
2,58,No,8,4,35.3222
4,65,No,5,2,46.3142
2,61,No,9,0,38.0711
9,62,No,6,7,59.0373
3,52,Yes,4,7,31.3176
4,67,Yes,7,1,49.7184
6,96,No,6,6,84.8661
8,76,No,9,4,71.2925
6,83,Yes,6,7,72.4253
1,72,No,6,4,45.7397
6,83,Yes,7,1,71.7252
7,84,Yes,7,6,76.592
4,75,Yes,8,9,59.9292
9,58,Yes,4,2,53.5987
7,72,Yes,9,4,64.9544
1,83,No,4,5,56.1617
7,86,No,5,7,77.2593
9,50,No,9,9,48.6767
8,81,No,6,2,74.528
6,41,Yes,7,8,30.3584
3,65,Yes,6,6,45.3246
7,56,No,4,0,44.8529
3,56,No,9,3,36.4353
2,69,Yes,9,1,47.0056
3,79,No,6,0,57.7948
4,63,Yes,5,9,46.2563
6,43,No,8,9,32.4842
5,77,No,9,1,63.136
5,68,Yes,8,9,55.6645
1,91,No,6,2,64.6839
4,45,No,9,9,29.2853
7,85,No,6,7,76.7276
2,52,Yes,4,5,28.0618
6,70,No,7,4,58.4921
2,87,Yes,7,3,64.7505
1,94,Yes,6,3,68.5291
7,52,No,8,5,43.7146
9,46,No,8,5,43.3282
2,78,No,8,4,55.6797
1,78,No,7,8,53.124
6,97,Yes,5,4,85.5962
3,81,No,6,6,61.0168
2,44,Yes,5,1,19.6141
7,40,Yes,8,9,32.8848
1,77,No,6,5,51.0268
2,54,Yes,4,7,30.493
7,69,No,6,1,59.2553
5,71,No,5,8,56.4681
8,53,No,5,2,45.5413
5,67,Yes,6,1,52.0926
5,63,No,5,5,47.732
2,68,Yes,9,6,46.9763
4,73,No,7,9,56.8135
2,69,No,8,3,46.3211
1,55,Yes,7,4,29.5158
4,42,No,4,9,23.8009
8,97,No,9,7,93.261
9,83,Yes,7,3,80.7018
5,64,No,7,3,49.3268
1,80,No,6,3,53.685
1,83,No,5,3,56.2525
3,43,Yes,6,1,21.9428
1,46,Yes,5,0,18.5918
7,85,Yes,8,0,76.9098
8,48,No,8,2,41.9104
6,59,No,8,0,46.9908
4,40,Yes,8,5,23.5128
8,93,Yes,5,1,86.6524
1,66,No,8,2,40.2094
9,60,Yes,8,1,57.3814
6,63,Yes,9,3,52.7354
7,74,Yes,5,7,65.6387
7,60,No,5,8,50.9923
1,99,Yes,9,3,75.0769
9,52,Yes,7,7,49.9385
1,46,No,8,1,19.6541
2,63,Yes,7,6,40.9146
5,82,No,5,2,66.4785
2,52,No,6,1,27.6495
7,78,No,5,0,67.7323
3,91,Yes,6,7,71.9871
7,61,Yes,8,0,52.4808
6,51,Yes,9,3,40.5209
3,97,No,7,1,76.8004
7,83,Yes,5,9,75.195
3,98,Yes,7,4,79.0052
6,66,Yes,4,9,54.5445
7,62,Yes,8,0,53.4986
3,69,No,6,2,48.0115
7,74,No,8,1,65.317
7,64,Yes,4,8,55.1715
7,71,No,4,1,60.3188
9,63,No,7,9,60.9368
7,75,Yes,6,1,65.9564
2,81,Yes,4,9,58.3711
6,70,No,9,2,59.069
2,71,No,6,7,48.1754
3,59,Yes,6,3,38.6242
8,98,Yes,8,2,93.398
4,79,No,8,5,62.6161
6,57,Yes,6,5,45.5651
2,85,Yes,9,5,64.0825
7,74,No,9,8,67.1872
7,42,No,6,3,32.1681
7,43,Yes,9,6,35.8315
1,44,No,4,8,17.0577
6,68,No,9,7,58.0218
6,41,No,8,5,29.6576
8,66,No,7,2,59.746
8,72,No,4,6,65.1856
8,60,No,5,3,52.8641
9,70,No,9,3,67.8479
8,92,No,7,5,86.8039
4,88,Yes,4,6,70.6238
2,64,No,6,3,40.2594
2,44,Yes,4,0,18.9302
2,59,Yes,6,2,35.5661
1,68,No,7,8,42.9452
2,48,Yes,6,2,24.3695
4,67,No,7,8,50.5086
2,66,No,4,5,41.7183
8,47,Yes,8,6,42.2772
7,67,No,8,3,58.5873
8,87,No,5,3,80.3468
5,69,No,7,6,55.0093
6,61,Yes,6,1,48.8458
2,59,No,8,3,36.1423
5,42,No,6,2,26.2496
6,44,No,5,1,30.4619
7,65,No,8,3,56.5516
8,96,Yes,8,5,91.9554
7,52,Yes,6,9,44.127
5,54,No,4,9,38.8758
6,65,No,4,0,51.1534
4,87,Yes,8,9,72.1437
5,48,No,5,3,32.0684
8,82,No,8,5,77.1113
8,45,Yes,9,9,41.3208
3,42,No,8,9,22.8852
5,53,No,7,0,37.537
8,63,No,5,8,56.9063
3,83,Yes,9,1,64.1163
9,54,Yes,7,3,51.1834
6,76,Yes,4,3,63.537
6,83,Yes,6,9,72.8207
2,42,Yes,6,8,19.4485
4,73,No,7,4,55.8249
3,92,No,8,0,71.9995
9,78,Yes,6,7,75.9171
2,82,No,9,2,59.8419
2,85,Yes,4,7,62.0471
9,71,No,4,6,67.0281
4,82,No,6,6,64.8951
4,87,No,5,2,68.7074
2,96,No,8,2,73.606
1,86,Yes,5,0,59.3068
8,79,Yes,8,6,74.8492
6,42,No,4,9,29.5217
1,85,Yes,7,8,60.8429
9,50,No,5,8,46.5344
8,61,No,6,9,55.5545
8,61,Yes,9,3,56.4205
2,57,Yes,7,5,34.6097
9,95,Yes,4,5,91.8532
8,84,No,4,6,77.4001
7,90,Yes,8,9,83.7786
4,48,Yes,7,8,31.7627
5,62,No,5,9,47.505
2,63,Yes,6,9,41.0216
3,79,Yes,4,9,59.1957
7,46,No,9,8,38.6867
9,56,Yes,5,9,53.4331
5,94,No,5,9,80.077
2,41,No,6,5,17.2437
5,74,Yes,4,2,58.4431
7,67,No,5,8,58.1174
9,58,Yes,7,2,55.0572
7,77,No,7,6,68.8731
1,94,Yes,8,4,69.6991
5,74,Yes,7,1,59.7039
9,57,No,7,1,53.2478
4,50,Yes,9,3,33.7822
2,49,Yes,6,0,24.9919
1,56,Yes,8,9,32.0084
1,65,No,8,9,40.5755
1,70,Yes,4,0,42.5346
4,71,Yes,5,1,52.8175
6,60,Yes,9,1,49.2864
1,99,Yes,4,3,72.6461
7,57,No,8,9,49.5949
6,54,No,9,7,43.7716
8,40,No,7,7,34.2698
5,90,No,5,5,75.2146
6,81,No,4,7,68.8234
7,84,No,7,0,74.8119
7,85,No,9,5,77.7907
1,50,Yes,4,2,22.5725
3,63,No,4,2,40.9319
6,91,Yes,9,1,80.8405
1,73,Yes,9,1,48.2167
7,43,Yes,4,3,32.8075
5,49,Yes,5,0,33.087
6,41,Yes,7,8,30.3584
4,77,Yes,6,5,60.2018
6,67,No,6,7,55.5455
4,40,No,9,4,23.2074
4,48,No,7,7,30.9712
3,44,No,6,9,23.9486
8,81,Yes,5,1,74.4379
3,97,Yes,7,1,77.3942
2,60,No,6,6,36.781
8,47,No,6,7,40.9088
3,56,No,4,5,34.3999
1,88,Yes,7,4,63.1057
5,79,No,9,8,66.5558
1,46,No,8,5,20.445
7,46,No,7,8,37.7144
6,54,No,7,2,41.8107
7,46,No,5,0,35.1603
4,86,No,8,4,69.5435
6,61,No,6,0,48.0542
3,89,No,9,3,70.0252
6,55,Yes,7,0,43.0269
8,77,Yes,7,9,72.9204
9,77,No,4,4,72.74
7,80,No,8,0,71.2266
2,98,Yes,6,7,76.2518
2,43,Yes,7,8,20.9526
2,61,No,8,7,38.969
2,97,Yes,7,9,76.1155
6,76,No,9,9,66.5603
4,61,Yes,8,0,43.8996
3,52,No,6,7,31.6962
5,76,Yes,8,5,63.0167
6,76,Yes,4,0,62.9438
4,84,No,8,6,67.9032
4,79,No,5,2,60.5644
5,84,No,9,2,70.4589
8,92,No,5,7,86.227
9,79,Yes,6,9,77.3304
4,94,No,5,9,77.2166
4,48,No,4,6,29.315
1,71,Yes,6,7,45.9088
3,90,Yes,9,9,72.8231
1,91,Yes,5,6,65.5824
9,88,Yes,6,2,85.1073
4,69,Yes,8,6,53.2289
2,97,No,7,0,73.7423
4,42,Yes,9,2,25.4415
6,90,Yes,5,0,77.6803
7,97,No,9,9,90.796
9,65,No,8,8,63.261
5,69,No,5,4,53.6415
8,96,No,7,0,89.8868
3,57,Yes,5,7,36.8932
8,95,No,9,2,90.2367
5,42,Yes,7,3,27.5273
3,79,Yes,5,5,58.891
9,68,No,5,2,63.6698
9,90,No,8,2,87.5216
7,64,Yes,7,0,55.0482
6,53,Yes,6,9,42.2845
2,77,Yes,6,7,54.8764
9,47,Yes,8,7,45.3353
1,75,No,5,3,48.1095
4,55,Yes,6,3,37.4131
1,53,Yes,6,1,26.4008
2,64,No,7,1,40.3501
7,43,No,4,4,32.4114
1,96,No,8,3,70.9433
2,60,Yes,5,4,36.4933
2,83,Yes,9,7,62.4422
5,64,No,8,8,50.8015
7,49,Yes,4,5,39.3102
8,91,No,8,4,86.0745
1,68,No,4,4,40.6959
7,49,Yes,8,9,42.0457
2,88,Yes,5,6,65.3892
3,61,Yes,6,3,40.66
7,65,Yes,6,7,56.9639
9,48,No,5,3,43.51
4,70,No,5,4,51.799
2,63,Yes,5,8,40.3377
6,48,No,7,4,36.0989
6,62,Yes,4,8,50.2753
5,75,Yes,9,6,62.6827
6,93,Yes,5,5,81.7225
8,67,No,7,9,62.1479
8,96,No,8,3,90.9661
5,81,No,7,9,67.8169
7,81,Yes,9,6,74.5107
6,56,Yes,7,0,44.0448
6,63,No,9,9,53.3279
5,54,Yes,6,2,39.0579
9,83,No,7,3,80.108
6,59,Yes,6,5,47.6009
9,43,No,7,7,40.1838
9,44,Yes,4,4,39.7439
9,92,Yes,9,4,91.0327
3,47,No,7,3,26.3021
1,61,Yes,7,6,36.0185
8,81,Yes,9,4,76.9757
5,61,No,4,7,45.6055
7,49,No,9,0,40.1586
6,54,No,4,7,41.3408
6,47,Yes,8,4,36.161
5,70,No,7,8,56.4226
7,61,No,8,5,52.8755
4,47,No,4,8,28.6926
7,43,No,8,2,33.9606
8,69,No,6,0,61.918
1,57,No,6,3,30.2739
1,92,Yes,4,6,66.1141
1,68,No,8,1,42.0474
6,83,No,5,0,69.9613
8,46,Yes,8,8,41.6548
3,90,No,5,9,70.2847
8,95,No,9,4,90.6321
4,63,No,4,8,44.9786
2,58,No,9,7,36.4015
9,98,Yes,7,4,96.1676
2,89,No,6,9,66.8926
7,95,Yes,6,5,87.1048
7,67,Yes,7,6,59.2881
1,80,Yes,5,4,53.9904
5,93,No,4,2,77.1889
8,73,No,5,4,66.2942
1,49,No,7,9,23.8033
5,80,No,8,9,67.2852
6,65,No,7,7,53.9959
8,69,Yes,9,4,64.7612
5,59,Yes,9,0,45.2104
4,47,Yes,9,8,31.7172
4,99,Yes,6,1,81.8042
5,54,Yes,6,6,39.8488
7,44,No,6,6,34.797
6,74,No,6,9,63.066
5,96,No,4,1,80.0448
9,78,No,9,3,75.9909
3,73,Yes,4,6,52.4953
4,99,No,9,5,83.4597
7,54,Yes,8,6,46.5419
1,95,Yes,6,6,70.1401
9,40,No,9,3,37.3117
1,67,No,9,4,42.1088
9,40,Yes,5,3,35.9608
9,90,No,7,3,87.2331
9,80,No,7,8,78.0429
7,51,No,4,0,39.7636
6,44,Yes,8,0,32.3165
2,53,No,6,5,29.4582
9,87,Yes,8,5,85.6549
8,75,Yes,6,1,68.8168
2,54,Yes,8,1,31.2513
6,58,Yes,9,8,48.6346
1,44,No,5,5,16.9508
2,82,No,9,2,59.8419
3,78,No,9,3,58.8285
9,44,No,9,9,42.5695
9,91,No,7,0,87.6578
3,75,No,7,4,55.0003
3,57,Yes,5,6,36.6955
9,68,No,8,2,65.1283
5,44,Yes,5,3,28.5907
7,64,Yes,6,8,56.1438
9,49,Yes,8,9,47.7665
7,63,No,9,6,55.5951
2,89,Yes,4,3,65.3278
5,60,No,9,0,45.6344
6,64,No,5,5,51.6103
2,86,No,6,5,63.0481
9,83,Yes,6,5,80.6111
8,89,Yes,8,2,84.2371
8,62,Yes,6,1,55.5844
3,52,No,7,4,31.5892
7,70,Yes,4,4,60.4879
1,80,No,9,0,54.5503
5,95,No,8,8,82.3556
5,89,No,6,0,73.6943
1,77,Yes,7,4,51.9091
7,61,No,8,0,51.8869
1,54,No,9,6,29.2719
1,42,Yes,8,9,17.7582
6,93,Yes,8,1,82.3901
6,45,No,8,2,33.136
6,65,Yes,5,4,53.0242
3,40,No,8,8,20.6517
6,58,No,7,4,46.2776
3,46,No,7,7,26.0751
8,59,No,8,7,54.0956
5,69,Yes,6,3,54.5238
7,70,No,9,4,62.3248
9,57,No,4,1,51.7893
4,80,Yes,5,1,61.9784
3,40,Yes,7,9,20.9571
3,98,No,6,5,78.123
3,61,Yes,8,6,42.2254
7,55,No,4,3,44.4282
9,41,No,6,9,38.0574
1,94,Yes,9,9,71.1738
2,65,Yes,9,5,43.725
8,44,No,7,8,38.539
3,73,No,8,1,52.8576
8,89,Yes,6,0,82.8693
6,64,Yes,8,8,54.2557
9,87,Yes,7,2,84.5756
5,93,Yes,4,9,79.1668
5,69,Yes,8,5,55.8915
8,90,Yes,4,1,83.1126
7,90,Yes,6,8,82.6085
2,69,Yes,5,2,45.2587
5,50,No,7,3,35.0765
5,53,No,7,9,39.3164
2,55,No,9,1,32.1616
8,89,Yes,4,6,83.0833
3,43,Yes,6,5,22.7337
9,93,No,8,9,91.9592
8,53,Yes,8,0,47.1982
2,44,No,5,0,18.8226
5,70,No,5,6,55.0548
2,94,No,9,5,72.6496
1,49,No,6,8,23.1194
1,66,Yes,5,9,40.7287
3,55,No,9,0,34.8243
5,69,No,9,9,56.5747
9,60,No,8,8,58.1716
3,84,No,9,0,64.3426
5,98,Yes,6,5,84.4376
5,93,No,7,5,79.2406
8,93,No,4,6,86.561
8,69,No,7,0,62.4042
8,65,No,8,7,60.2029
2,68,No,6,4,44.5286
7,64,Yes,8,6,56.7207
9,65,No,7,8,62.7748
2,76,No,6,1,52.0785
2,73,No,7,8,50.895
9,42,No,5,9,38.5891
4,97,Yes,9,3,81.6224
3,93,Yes,9,1,74.295
5,44,Yes,7,5,29.9585
2,88,Yes,8,5,66.65
9,47,Yes,4,2,42.4021
3,80,No,8,8,61.3667
2,52,Yes,8,2,29.4133
9,95,No,5,6,91.9433
4,58,No,6,0,39.2798
3,67,Yes,5,1,45.8856
1,71,Yes,6,0,44.5248
2,93,No,8,4,70.9478
4,42,Yes,7,2,24.4692
9,71,Yes,8,9,70.1597
8,47,No,6,2,39.9202
4,53,No,6,8,35.7721
9,95,No,6,0,91.2432
3,68,No,9,0,48.0566
7,81,No,6,8,72.8538
5,97,No,6,4,82.6282
6,57,Yes,8,6,46.7351
2,42,No,8,8,19.827
2,77,No,5,7,53.7965
4,48,No,6,8,30.6828
6,79,Yes,4,2,66.3929
5,82,Yes,4,7,67.5747
4,47,Yes,7,0,29.1631
6,88,Yes,7,6,77.8031
7,68,No,6,9,59.8192
2,40,No,5,1,14.9488
5,60,No,8,4,45.9391
2,48,Yes,6,7,25.3581
7,95,No,7,2,86.404
9,81,No,6,8,78.5746
5,61,Yes,6,1,45.9854
7,48,Yes,6,3,38.8692
9,47,Yes,4,0,42.0067
9,81,Yes,7,9,79.8523
2,75,Yes,8,2,52.8244
8,83,Yes,4,0,75.7898
3,76,Yes,7,4,56.612
1,69,No,8,5,43.8561
6,64,No,6,3,51.701
2,80,No,9,2,57.8062
7,48,No,8,9,40.434
1,41,No,7,3,14.474
6,43,No,5,5,30.2349
6,53,Yes,4,4,40.3236
8,52,No,4,1,43.8395
8,63,No,9,0,57.2693
6,71,No,9,8,61.2732
1,96,No,8,0,70.3502
8,92,No,5,5,85.8316
5,70,No,5,3,54.4617
3,51,No,5,7,30.1921
2,64,Yes,6,9,42.0395
6,86,Yes,4,2,73.518
4,90,Yes,8,3,74.0111
1,47,Yes,9,3,22.1474
8,82,Yes,9,6,78.389
2,45,Yes,6,3,21.5136
7,82,Yes,9,7,75.7263
4,92,No,4,8,74.497
9,77,No,7,0,73.4076
6,76,No,6,4,64.1132
3,41,Yes,6,1,19.9071
3,74,No,9,5,55.1525
7,85,Yes,7,5,77.4122
7,92,Yes,8,0,84.0349
3,87,No,9,5,68.3848
9,46,Yes,4,4,41.7797
8,61,No,4,6,53.989
4,71,Yes,8,9,55.8577
3,98,Yes,8,3,79.2937
5,66,No,5,3,50.3902
6,99,Yes,8,5,89.2882
3,83,No,5,5,62.3687
5,90,Yes,5,9,76.5993
2,81,Yes,5,9,58.8572
2,48,No,9,9,26.6182
9,73,No,7,0,69.3361
1,48,Yes,6,9,22.8931
2,54,No,5,7,30.3853
5,47,No,8,4,32.7068
6,97,No,7,0,85.1839
8,58,No,9,6,53.3662
1,81,No,5,2,54.019
8,47,No,7,7,41.3949
8,57,Yes,6,0,50.2973
9,74,No,9,9,73.1057
7,67,No,9,9,60.2598
5,85,Yes,6,1,70.4144
4,86,No,6,9,69.5597
8,93,No,5,8,87.4426
1,90,No,7,5,64.7453
1,64,No,8,5,38.7667
5,96,Yes,5,7,82.3111
5,42,Yes,6,3,27.0412
9,89,Yes,5,3,85.8367
4,99,No,4,9,81.8198
3,74,Yes,9,6,55.944
4,58,Yes,4,5,39.8899
7,90,Yes,7,5,82.5016
8,82,No,8,3,76.7159
1,85,No,9,6,60.826
7,47,No,5,3,36.7714
9,46,Yes,8,3,43.5266
7,40,Yes,6,4,30.9239
9,64,No,9,7,62.5315
1,72,Yes,4,1,44.7681
1,44,No,9,1,18.1045
4,44,No,5,6,25.7297
9,56,Yes,7,4,53.4169
7,92,No,9,9,85.7067
7,97,No,8,4,89.3213
5,47,No,8,1,32.1136
6,73,Yes,7,9,63.1281
5,79,No,8,0,64.4879
9,40,Yes,5,0,35.3677
3,68,No,6,7,47.9822
3,75,No,4,2,53.1464
7,76,Yes,6,8,68.3583
6,68,No,4,5,55.1956
3,44,No,6,3,22.7623
5,71,Yes,4,6,56.1804
2,91,Yes,7,1,68.4266
6,63,No,9,8,53.1302
8,58,No,8,1,51.8914
1,51,No,8,7,25.9298
7,73,Yes,6,8,65.3047
2,46,No,4,0,20.3722
3,42,Yes,5,6,21.4273
8,77,No,7,6,71.7335
9,89,No,6,3,85.7291
4,89,Yes,6,2,71.8232
7,93,Yes,5,4,84.3851
9,44,No,4,0,38.3592
7,69,No,7,1,59.7415
4,65,No,4,7,46.8166
3,93,Yes,6,5,73.6274
2,86,No,6,2,62.4549
6,60,Yes,7,6,49.3026
9,43,No,4,6,38.5276
8,40,No,8,3,33.9651
4,56,No,6,6,38.4303
6,90,Yes,5,2,78.0757
9,98,No,8,5,96.2577
5,73,No,8,6,59.5669
9,84,Yes,6,2,81.0358
6,45,No,4,2,31.1913
7,46,No,7,4,36.9235
2,52,Yes,4,1,27.271
2,90,Yes,7,0,67.211
6,56,Yes,7,1,44.2425
6,76,Yes,9,6,66.5609
2,95,No,6,8,72.8021
1,93,Yes,5,3,67.025
4,63,Yes,8,5,46.9239
9,92,No,7,0,88.6757
4,84,Yes,6,4,67.1292
1,62,Yes,5,0,34.8778
8,42,No,8,8,36.9894
3,54,Yes,6,6,34.128
6,88,Yes,6,4,76.9215
7,97,Yes,5,9,89.4452
7,45,No,4,6,34.8426
8,62,No,5,1,54.5045
9,83,Yes,6,8,81.2042
3,84,No,8,3,64.4496
4,93,Yes,6,9,77.2787
9,84,No,8,5,82.0074
7,42,Yes,6,8,33.7505
1,42,Yes,5,8,16.102
9,99,Yes,8,1,97.0785
1,54,Yes,5,1,26.9325
7,47,No,7,6,38.3368
8,92,No,5,0,84.843
9,92,No,8,6,90.3482
6,57,No,4,0,43.0104
7,69,Yes,8,8,62.2055
6,42,No,7,8,30.7825
9,45,Yes,4,9,41.7504
7,77,Yes,7,4,69.0715
1,82,Yes,4,4,55.54
1,57,Yes,6,6,31.4608
5,95,No,6,4,80.5924
3,66,Yes,6,9,46.9356
2,79,Yes,4,5,55.5444
5,68,Yes,6,2,53.3082
2,94,No,4,5,70.2188
6,85,Yes,4,0,72.1047
5,66,Yes,5,4,51.1817
6,72,Yes,5,1,59.5562
4,72,No,6,4,54.3209
5,83,No,6,5,68.5757
7,40,Yes,7,9,32.3987
5,89,Yes,7,1,74.972
8,73,No,9,7,68.832
9,64,Yes,6,3,60.876
3,54,Yes,6,6,34.128
1,82,Yes,9,6,58.3662
8,89,No,8,7,84.6319
1,94,Yes,6,4,68.7268
9,98,Yes,9,3,96.9422
6,89,No,7,7,78.4249
9,91,Yes,5,3,87.8725
5,49,Yes,4,5,33.5894
6,60,Yes,9,3,49.6818
9,54,No,8,1,50.6803
9,95,Yes,5,0,91.3508
6,44,No,9,0,32.2088
6,64,Yes,4,3,51.3225
6,95,Yes,8,4,85.019
2,61,Yes,9,0,38.6649
7,64,Yes,7,0,55.0482
1,48,No,4,0,19.5475
9,66,Yes,5,3,62.4256
3,58,No,5,8,37.515
3,77,No,8,6,57.9176
4,54,Yes,6,8,37.3838
2,84,Yes,4,8,61.227
7,44,No,6,7,34.9948
2,63,Yes,5,0,38.756
2,94,Yes,8,0,71.7686
5,98,No,6,1,83.0529
8,67,Yes,4,3,60.0969
8,51,Yes,4,6,44.4041
6,77,Yes,8,9,67.6858
1,83,Yes,9,0,58.1978
7,99,No,8,7,91.9502
3,84,No,9,3,64.9358
2,75,No,9,9,54.1008
1,45,No,9,6,20.111
8,77,No,8,5,72.0219
2,98,No,8,7,76.6303
1,46,No,4,7,18.8958
4,95,No,5,6,77.6413
4,62,No,7,4,44.6283
8,91,Yes,4,6,85.1191
9,54,No,9,3,51.5619
7,57,No,5,2,46.7524
5,59,Yes,6,8,45.3336
1,85,No,9,6,60.826
8,88,No,7,2,82.1392
4,71,No,5,5,53.0146
2,93,No,7,4,70.4617
2,60,Yes,8,7,38.5449
1,96,No,9,5,71.8249
3,88,No,9,0,68.4141
9,69,Yes,4,4,65.1908
9,93,Yes,8,3,91.3667
5,98,No,8,5,84.8161
6,64,No,9,9,54.3458
7,77,No,8,3,68.7661
8,91,No,9,5,86.7583
9,96,No,7,0,92.7472
9,96,No,7,8,94.3289
6,54,Yes,8,1,42.6929
7,91,No,9,3,83.5025
2,83,Yes,6,2,59.9951
9,74,Yes,8,2,71.8294
4,91,No,4,9,73.6768
4,40,Yes,6,7,22.9359
5,73,No,6,0,57.4083
3,52,Yes,5,7,31.8038
8,97,Yes,5,2,90.9216
5,48,No,8,8,34.5155
2,89,Yes,9,4,67.9563
1,49,No,7,3,22.617
4,95,Yes,6,4,78.3259
2,87,No,6,9,64.8568
1,48,No,8,2,21.8876
7,92,Yes,4,0,82.0902
1,42,No,4,7,14.8243
2,69,No,8,8,47.3097
1,83,No,7,4,57.4225
1,49,Yes,9,9,25.3695
4,57,No,4,3,37.8827
9,85,Yes,4,0,80.6859
9,57,Yes,7,2,54.0393
2,73,Yes,5,6,50.1211
2,62,No,5,1,37.3421
2,92,No,8,5,70.1277
5,40,No,6,5,24.807
8,77,No,8,9,72.8128
5,78,Yes,4,1,62.3169
5,46,Yes,7,8,32.5874
2,57,No,6,1,32.7388
9,43,No,4,7,38.7254
4,91,No,6,7,74.2537
6,48,Yes,6,6,36.602
7,47,Yes,9,6,39.903
8,57,No,6,1,49.9012
8,81,No,4,5,74.1488
6,85,Yes,7,0,73.5632
3,65,No,5,8,44.6401
9,79,No,9,2,76.8111
2,61,No,5,6,37.3128
3,83,Yes,4,8,63.0695
5,86,Yes,7,6,72.907
2,60,No,4,3,35.2156
8,87,Yes,9,1,82.4898
5,65,Yes,6,5,50.8477
1,75,Yes,8,2,49.964
3,54,No,7,6,34.0203
8,99,Yes,6,3,93.6412
6,70,Yes,7,3,58.8882
1,86,Yes,7,3,60.8722
4,73,No,4,8,55.1573
1,41,No,4,3,13.0155
3,81,No,6,3,60.4237
5,69,No,8,1,54.5069
5,47,No,4,7,31.3553
4,91,Yes,4,3,73.0843
3,46,No,7,4,25.4819
5,51,No,7,7,36.8852
4,97,No,6,3,79.5701
8,58,Yes,7,4,52.5922
8,67,Yes,9,5,62.9231
5,53,No,9,2,38.9047
4,53,Yes,9,8,37.8244
3,45,Yes,7,4,25.0579
2,53,No,4,4,28.2882
9,52,Yes,5,4,48.3731
1,66,Yes,6,3,40.0286
1,74,Yes,8,0,48.5507
2,41,No,9,5,18.7022
3,87,No,6,3,66.5309
9,40,No,4,0,34.2877
6,77,No,7,0,64.8264
4,90,No,5,9,73.1451
8,84,No,9,5,79.6332
9,63,No,9,7,61.5137
7,49,No,6,0,38.7001
3,74,Yes,8,7,55.6555
6,46,No,5,3,32.8931
2,74,No,6,2,50.2404
7,56,Yes,7,8,48.4869
5,54,No,9,4,40.318
8,51,No,7,8,45.6642
3,62,Yes,6,6,42.271
7,65,Yes,4,8,56.1893
9,44,Yes,5,6,40.6255
7,70,No,4,8,60.6849
7,93,No,6,8,85.0683
5,45,Yes,7,4,30.7787
6,84,Yes,9,2,73.9131
4,47,Yes,9,9,31.9149
7,87,Yes,4,7,78.3849
9,96,Yes,7,4,94.1319
5,54,No,5,3,38.1757
9,43,Yes,8,6,41.0661
9,76,Yes,4,0,71.525
3,49,No,6,0,27.2585
9,45,Yes,7,4,42.2203
3,43,Yes,8,4,23.5083
9,93,Yes,5,2,89.7105
6,95,No,5,6,83.3621
2,79,Yes,7,9,57.7938
8,65,No,8,3,59.412
1,81,No,6,6,55.296
8,52,No,5,0,44.128
1,61,Yes,7,9,36.6116
2,88,No,5,1,63.8068
6,44,Yes,5,1,31.0557
9,77,Yes,7,5,74.99
2,50,No,4,1,24.6414
4,77,Yes,8,6,61.3719
8,83,Yes,4,2,76.1852
7,64,Yes,8,0,55.5344
8,91,No,8,4,86.0745
6,54,Yes,6,6,42.7092
3,56,No,9,7,37.2261
1,42,No,9,2,16.2665
7,91,Yes,4,9,82.8518
2,77,Yes,5,0,53.0063
8,40,No,7,0,32.8858
6,46,Yes,4,1,32.6053
7,65,Yes,6,3,56.1731
6,78,Yes,6,3,66.5451
3,94,No,9,0,74.5214
9,66,No,4,2,61.1479
5,87,Yes,7,0,72.7386
4,49,Yes,6,1,30.9105
6,58,Yes,9,9,48.8323
2,55,No,8,1,31.6754
6,67,No,5,5,54.6639
2,60,Yes,6,5,37.1771
7,47,No,6,7,38.0484
9,49,No,9,4,46.6703
8,49,No,4,0,40.5882
5,72,No,5,7,57.2883
8,95,Yes,6,2,89.372
3,92,No,4,4,70.8457
6,63,Yes,9,6,53.3286
7,75,Yes,5,1,65.4702
5,70,Yes,4,6,55.1625
8,56,No,9,4,50.935
9,98,Yes,8,9,97.6424
7,87,Yes,8,2,79.3409
9,47,Yes,9,8,46.0192
6,71,Yes,4,7,59.2385
9,86,Yes,6,9,84.4556
5,77,Yes,5,8,63.1692
9,93,Yes,8,6,91.9599
1,51,Yes,5,2,24.0766
7,67,No,5,2,56.9311
9,94,No,9,5,92.6724
9,95,No,5,1,90.9547
6,96,No,6,3,84.273
8,42,No,8,4,36.1986
4,58,Yes,4,7,40.2853
5,49,No,6,6,34.1656
8,69,No,5,7,62.8159
4,99,No,5,3,81.1197
4,63,Yes,9,1,46.6192
8,65,No,4,8,58.4559
6,75,Yes,4,0,61.926
6,99,Yes,8,7,89.6836
6,87,Yes,6,6,76.2991
1,63,Yes,8,3,37.9473
5,54,Yes,5,1,38.3741
9,90,Yes,9,8,89.7878
9,40,No,5,7,36.1579
1,61,Yes,9,3,36.3977
8,90,Yes,7,5,85.362
1,79,Yes,4,3,52.2886
8,94,No,7,4,88.6419
3,88,No,9,8,69.9959
3,94,Yes,7,5,75.1315
8,60,No,4,6,52.9711
4,77,Yes,7,5,60.688
2,61,Yes,5,3,37.3134
4,93,Yes,8,8,78.0533
6,82,Yes,9,3,72.075
6,41,No,4,1,26.9221
5,96,No,7,0,81.3056
7,57,No,7,7,48.7133
4,87,No,8,5,70.7591
6,64,Yes,7,4,52.9787
5,98,Yes,6,3,84.0422
4,61,Yes,7,1,43.6111
9,54,No,5,3,49.6173
4,84,Yes,9,2,68.1923
8,95,Yes,8,9,91.7283
9,80,No,9,2,77.829
8,45,Yes,6,1,38.2806
7,50,No,6,9,41.4974
3,77,No,8,4,57.5222
9,47,Yes,9,1,44.6352
3,83,No,8,4,63.6295
6,97,Yes,5,9,86.5848
6,42,No,8,1,29.8846
2,52,No,6,0,27.4518
2,88,No,5,4,64.4
1,55,No,6,2,28.0404
6,52,No,4,1,38.1187
9,98,Yes,8,1,96.0607
7,56,No,9,5,48.2723
6,70,Yes,4,4,57.6275
6,54,Yes,4,1,40.7483
4,59,Yes,4,7,41.3032
1,76,Yes,9,7,52.4567
4,43,Yes,6,3,25.1986
8,87,No,5,8,81.3353
4,87,No,5,0,68.312
3,84,Yes,9,4,65.7273
8,41,No,8,5,35.3784
2,57,No,9,6,35.1859
1,88,No,9,8,64.2751
3,47,Yes,4,5,25.8328
3,41,No,9,6,21.7603
1,68,No,5,9,42.1706
4,66,Yes,5,4,48.3213
2,73,No,4,0,47.8548
7,56,Yes,9,4,48.6684
1,62,No,6,6,35.9564
3,72,Yes,5,2,51.1727
1,51,No,7,3,24.6528
6,78,Yes,7,3,67.0312
9,54,Yes,8,6,52.2627
3,40,No,6,1,18.2954
4,83,Yes,4,6,65.5345
2,96,No,7,5,73.713
1,73,No,5,6,46.6669
7,56,Yes,6,5,47.4076
8,99,Yes,6,1,93.2458
8,85,No,5,1,77.9156
8,40,No,7,3,33.479
1,96,Yes,4,2,69.3948
1,80,Yes,7,0,54.1718
9,90,No,6,9,87.9332
6,86,Yes,6,1,74.2926
2,52,No,6,0,27.4518
1,98,Yes,9,6,74.6522
5,92,No,5,9,78.0412
7,49,No,5,4,39.0048
2,41,Yes,7,4,18.126
3,49,Yes,4,0,26.88
3,79,No,9,3,59.8464
8,64,Yes,6,1,57.6202
2,47,Yes,6,3,23.5493
2,60,Yes,8,0,37.1609
8,61,Yes,8,7,56.7252
7,84,No,7,9,76.5913
5,66,Yes,5,4,51.1817
5,81,No,8,0,66.5236
9,96,Yes,8,9,95.6066
3,47,No,4,2,24.6459
4,95,Yes,5,6,78.2351
1,57,No,4,6,29.8947
4,81,Yes,9,8,66.3249
3,92,No,5,0,70.541
3,71,No,5,3,49.7588
8,67,No,9,4,62.1316
3,94,Yes,5,4,73.9614
7,71,Yes,8,8,64.2412
8,79,Yes,6,0,72.6906
9,47,No,8,8,44.9392
6,74,No,7,6,62.9591
8,60,Yes,7,1,54.0348
1,86,Yes,6,1,59.9906
3,73,No,9,9,54.9254
6,55,No,4,6,42.1609
9,43,No,7,9,40.5793
9,73,Yes,6,5,70.4323
9,85,No,8,7,83.4208
8,50,Yes,5,6,43.8723
2,52,No,8,4,29.2149
2,64,No,5,4,39.971
6,57,No,7,5,45.4575
2,89,Yes,4,0,64.7346
9,69,No,9,9,68.0163
7,85,Yes,9,7,78.7799
9,93,Yes,4,4,89.6198
6,48,Yes,8,1,36.5857
9,89,No,7,6,86.8084
8,80,No,5,1,72.8262
8,92,Yes,5,5,86.4254
3,64,No,9,9,45.7646
8,79,No,8,5,74.0577
2,42,No,6,1,17.4707
3,43,Yes,6,7,23.1291
5,71,No,4,4,55.1911
7,73,Yes,5,9,65.0162
6,66,No,5,8,54.2392
9,93,Yes,4,4,89.6198
2,78,Yes,5,3,54.6173
5,77,Yes,4,5,62.0899
6,57,No,8,4,45.7459
1,75,No,7,6,49.6749
9,60,Yes,9,7,59.0538
2,69,No,9,0,46.2141
6,73,Yes,9,6,63.5073
8,47,No,5,8,40.6203
5,67,No,8,9,54.0528
7,55,No,5,3,44.9144
1,87,No,8,2,61.5847
8,75,No,7,6,69.6977
5,52,Yes,5,1,36.3383
7,75,No,6,7,66.5489
8,64,No,6,8,58.4104
7,92,No,8,3,84.0342
3,56,Yes,4,8,35.5869
3,97,Yes,7,2,77.5919
1,69,Yes,8,6,44.6477
5,97,No,7,2,82.7189
5,82,No,8,3,68.1347
8,76,No,6,0,69.0432
4,42,Yes,7,2,24.4692
5,76,No,9,3,62.5136
5,57,Yes,4,5,41.7324
7,72,Yes,8,6,64.8637
6,54,Yes,5,6,42.223
3,94,No,9,4,75.3122
8,71,Yes,5,9,65.8409
8,58,Yes,9,1,52.9714
1,95,Yes,8,1,70.1238
3,59,No,7,7,39.3074
9,92,No,7,6,89.862
5,50,No,9,7,36.8397
8,95,Yes,4,6,89.1906
2,50,No,6,2,25.8114
9,83,Yes,6,3,80.2156
9,55,Yes,6,1,51.3197
2,94,Yes,5,0,70.3102
1,66,Yes,8,0,40.4077
9,55,Yes,7,4,52.399
6,98,Yes,6,4,87.1003
6,98,No,7,7,87.5858
2,99,No,4,9,76.099
7,91,No,7,0,81.937
2,85,No,8,6,63.2002
6,73,No,9,3,62.3204
9,53,Yes,6,9,50.8657
1,59,Yes,5,4,32.615
3,80,No,4,1,58.038
2,77,No,7,8,54.9665
8,42,Yes,6,8,36.6109
3,80,No,4,2,58.2358
5,93,Yes,8,6,80.5183
1,74,Yes,7,0,48.0646
6,68,No,5,5,55.6818
5,56,Yes,4,2,40.1214
5,54,No,6,3,38.6618
9,60,No,5,4,55.9222
2,90,No,9,0,67.5895
2,67,Yes,6,9,45.0931
3,60,Yes,5,1,38.7605
9,99,No,8,0,96.287
4,91,No,9,9,76.1076
4,78,Yes,7,3,61.3104
6,81,Yes,4,7,69.4172
5,75,No,7,6,61.1165
3,65,No,5,0,43.0584
9,65,No,5,1,60.4185
3,63,Yes,4,9,42.9097
3,51,Yes,4,1,29.1135
2,47,No,9,1,24.0186
7,93,Yes,6,1,84.2782
4,48,No,7,4,30.3781
3,87,Yes,8,3,68.0971
2,63,No,4,3,38.2692
9,55,Yes,6,3,51.7151
7,49,Yes,6,5,40.2825
2,44,No,9,5,21.7558
7,54,Yes,5,3,44.4903
8,59,Yes,5,7,53.2309
2,41,Yes,8,3,18.4144
6,55,Yes,9,2,44.3947
9,73,No,6,1,69.0476
6,63,Yes,4,8,51.2932
1,67,Yes,4,7,40.865
6,76,Yes,4,6,64.1301
2,88,Yes,4,8,65.2985
3,75,Yes,6,1,54.5148
6,68,Yes,6,4,56.564
9,87,No,4,1,82.3256
3,70,Yes,5,2,49.137
3,46,Yes,4,6,25.0127
8,81,No,7,9,76.3981
7,49,Yes,6,4,40.0848
6,73,No,7,4,61.5457
7,48,Yes,9,8,41.3163
1,76,Yes,7,1,50.298
9,92,Yes,5,3,88.8904
7,42,Yes,5,3,32.2758
6,53,Yes,5,7,41.4029
7,89,Yes,9,2,81.8629
1,97,No,5,4,70.7004
2,67,No,8,7,45.0762
1,48,No,7,2,21.4014
4,90,Yes,4,8,73.055
6,73,Yes,8,1,62.0326
1,58,Yes,6,3,31.8856
3,57,No,7,6,37.074
1,63,No,9,1,37.4442
7,47,No,7,1,37.3482
7,67,No,9,1,58.6781
8,45,Yes,7,5,39.5576
4,88,No,9,0,71.2745
7,44,No,5,4,33.9154
7,54,No,5,9,45.0828
3,54,No,8,3,33.9134
3,67,No,7,9,47.8459
3,62,No,4,4,40.3094
4,48,No,7,0,29.5872
8,69,No,4,6,62.132
9,55,Yes,4,2,50.5451
3,40,No,7,6,19.7701
9,98,Yes,9,1,96.5468
9,57,No,5,0,52.0778
9,97,Yes,9,1,95.5289
7,88,No,8,2,79.765
2,84,Yes,8,6,62.7762
4,60,Yes,4,8,42.5188
8,85,No,5,8,79.2996
2,85,No,7,7,62.9118
7,64,Yes,4,7,54.9737
3,85,No,8,0,64.8743
4,56,Yes,5,0,37.3517
3,85,No,8,0,64.8743
5,84,Yes,5,9,70.492
4,93,Yes,7,1,76.1831
8,43,No,5,5,35.9557
6,86,Yes,4,4,73.9135
9,63,Yes,8,7,61.6213
2,62,No,8,9,40.3823
8,70,No,8,5,64.8968
7,52,No,8,1,42.9238
3,46,Yes,9,9,28.0366
1,83,Yes,6,9,58.5187
9,67,Yes,6,7,64.7205
9,57,No,8,3,54.1294
5,40,Yes,4,5,24.4285
6,89,Yes,7,8,79.2164
5,90,No,5,1,74.4238
7,72,No,4,3,61.7321
1,92,No,8,0,66.2787
6,44,No,6,7,32.1344
9,79,No,6,5,75.9458
9,52,No,9,5,49.9216
7,81,Yes,8,7,74.2223
4,82,Yes,8,8,66.8567
3,56,Yes,7,9,37.2431
7,74,No,9,1,65.8032
3,74,Yes,4,1,52.5246
2,57,Yes,7,1,33.8188
6,89,Yes,7,0,77.6347
1,85,Yes,5,2,58.6843
6,66,Yes,4,4,53.556
9,40,No,5,8,36.3556
2,60,No,4,5,35.611
5,88,No,6,9,74.4559
4,64,No,9,1,47.0432
9,96,No,8,3,93.8265
4,41,Yes,8,7,24.9261
2,87,No,9,5,65.5244
5,99,Yes,9,3,86.5185
6,93,Yes,8,2,82.5878
5,53,Yes,6,3,38.2378
4,89,No,7,8,72.9018
9,41,Yes,6,2,37.2672
6,73,Yes,6,2,61.258
3,74,No,7,3,53.7847
6,93,No,6,7,82.0102
8,54,Yes,5,9,48.537
9,51,No,9,0,47.9152
3,92,No,7,9,73.2927
2,77,Yes,8,6,55.6511
4,81,Yes,7,0,63.7709
2,42,No,9,2,19.1269
1,69,Yes,5,1,42.2006
6,55,No,5,1,41.6585
3,97,Yes,9,0,78.1688
1,67,Yes,7,7,42.3235
3,84,Yes,5,3,63.585
7,57,Yes,5,1,47.1485
6,69,Yes,6,5,57.7796
3,41,No,8,7,21.4718
5,99,Yes,7,4,85.7439
7,93,Yes,7,8,86.1483
6,94,Yes,9,2,84.0918
2,62,No,4,9,38.4376
6,80,No,8,4,69.157
8,85,No,6,0,78.204
3,81,No,9,9,63.0684
5,66,No,7,5,51.7579
8,74,Yes,8,1,68.7713
5,46,No,5,9,31.219
3,97,Yes,6,0,76.7103
6,90,Yes,6,8,79.7481
5,50,No,5,5,34.4996
5,49,No,7,5,34.4541
6,60,No,6,1,47.2341
3,98,No,8,1,78.3044
5,75,No,8,7,61.8004
3,68,Yes,5,3,47.299
4,49,No,4,6,30.3329
4,94,No,5,1,75.6349
4,79,No,5,6,61.3553
8,52,Yes,6,9,46.9874
3,61,No,8,6,41.6316
4,77,No,7,1,59.3033
7,84,No,7,0,74.8119
1,97,Yes,9,8,74.0297
2,61,Yes,5,1,36.918
2,70,Yes,4,1,45.5927
5,47,No,4,9,31.7507
4,44,Yes,6,7,27.0074
2,81,No,4,7,57.3818
2,59,No,8,3,36.1423
9,68,Yes,4,8,64.9638
5,66,No,6,5,51.2718
1,64,Yes,6,3,37.9928
3,73,Yes,5,9,53.5746
3,72,No,7,9,52.9352
2,50,Yes,7,5,27.4845
3,97,No,4,5,76.1328
7,57,No,8,2,48.2109
3,86,Yes,4,8,66.1231
7,80,Yes,9,9,74.086
7,98,No,4,4,88.3945
9,68,Yes,7,7,66.2245
5,68,No,9,6,54.9637
5,99,Yes,6,4,85.2578
3,65,Yes,4,0,43.166
8,58,Yes,5,3,51.4222
6,41,Yes,9,1,29.9467
5,40,Yes,8,5,26.3732
2,66,No,9,5,44.1491
4,93,No,4,9,75.7125
8,84,No,9,2,79.0401
1,91,Yes,9,5,67.3293
9,80,Yes,5,4,76.8736
6,56,Yes,8,9,46.3104
4,70,No,8,7,53.8506
1,61,Yes,7,7,36.2162
9,92,Yes,4,5,88.7996
4,67,No,9,3,50.4923
9,77,Yes,9,8,76.5554
3,82,Yes,5,1,61.1538
7,64,Yes,4,7,54.9737
8,75,No,4,1,67.2507
7,98,Yes,7,5,90.6446
3,50,No,7,8,30.3443
8,69,No,9,5,64.3651
4,53,Yes,9,1,36.4404
5,88,No,5,8,73.772
5,92,Yes,7,8,79.4096
6,72,Yes,4,2,59.2678
1,80,No,5,4,53.3966
4,58,Yes,9,9,43.1115
9,95,No,5,7,92.141
4,64,Yes,8,9,48.7326
8,65,No,4,8,58.4559
5,72,Yes,8,7,59.3406
9,43,No,6,5,39.3022
8,90,Yes,6,8,85.4689
5,44,Yes,9,1,30.14
1,61,Yes,4,1,33.5714
8,57,Yes,7,6,51.9698
3,90,Yes,8,2,70.953
8,86,Yes,5,8,80.9113
8,53,Yes,4,5,46.2421
8,63,No,5,6,56.5109
1,60,No,6,1,32.9321
6,64,Yes,6,8,53.2834
1,58,Yes,8,8,33.8465
2,46,Yes,7,9,24.2039
4,86,Yes,7,2,69.2557
8,47,No,5,0,39.0386
1,40,No,9,6,15.0216
5,54,No,8,7,40.425
8,65,No,7,3,58.9258
2,97,No,5,8,74.3517
1,79,No,4,1,51.2994
9,97,No,6,9,95.0584
3,72,Yes,8,6,53.4221
6,62,Yes,8,0,50.6382
1,52,Yes,6,3,25.7783
5,96,No,7,5,82.2942
3,84,No,9,7,65.7266
2,86,Yes,7,7,64.5235
7,77,No,5,9,68.4939
5,80,Yes,6,7,66.5113
9,81,Yes,5,1,77.2983
2,48,No,7,7,25.2504
3,62,No,6,2,40.8863
5,65,No,4,9,50.0724
6,69,No,9,5,58.6443
8,85,No,9,7,81.0465
5,58,No,9,5,44.5873
5,65,No,9,6,51.9101
3,81,Yes,9,3,62.476
1,62,Yes,8,6,37.5225
5,88,No,4,4,72.495
5,67,Yes,5,0,51.4087
4,40,Yes,7,5,23.0266
6,77,Yes,6,6,66.1203
4,48,No,8,2,30.4688
7,99,Yes,6,2,90.5831
1,44,No,8,7,18.8047
5,98,No,6,6,84.0415
9,64,No,5,5,60.1915
5,81,No,5,7,66.4492
8,97,No,6,0,90.4185
4,64,Yes,7,2,46.8625
4,48,Yes,5,8,30.7904
5,54,Yes,5,9,39.9558
9,84,No,4,3,79.6674
4,59,Yes,4,4,40.71
6,47,Yes,6,4,35.1886
5,96,Yes,6,8,82.995
9,84,No,9,9,83.2845
4,72,No,6,7,54.9141
2,72,No,8,2,49.177
4,85,Yes,6,8,68.938
2,95,Yes,5,7,72.712
5,93,No,8,5,79.7267
4,91,Yes,4,3,73.0843
8,46,No,9,2,40.3608
8,93,No,8,3,87.9125
6,79,No,9,6,69.0207
9,60,No,7,4,56.8946
5,56,No,8,5,42.0653
1,86,No,6,6,60.3854
9,57,No,6,3,53.1571
2,63,Yes,6,9,41.0216
9,63,Yes,4,9,60.0721
7,86,Yes,8,6,79.1139
8,58,Yes,6,7,52.6992
6,81,No,7,3,69.491
6,99,Yes,5,2,87.2366
9,44,Yes,4,4,39.7439
8,56,No,5,4,48.9903
5,89,No,7,0,74.1805
7,78,No,6,5,69.2071
2,85,Yes,8,5,63.5963
7,47,No,7,9,38.93
2,40,No,9,8,18.2774
6,41,No,9,3,29.7483
8,43,No,5,9,36.7465
6,87,Yes,5,3,75.2198
7,42,Yes,9,8,35.209
3,45,Yes,9,2,25.6347
3,60,Yes,8,1,40.219
5,99,Yes,9,3,86.5185
4,67,No,6,8,50.0224
3,93,No,5,6,72.7452
4,77,No,4,5,58.6357
6,82,No,5,9,70.7229
6,75,No,4,6,62.5184
6,79,No,5,1,66.0875
9,78,Yes,4,1,73.7585
1,65,No,8,1,38.9938
6,64,Yes,4,4,51.5202
5,56,No,8,0,41.0768
8,76,Yes,5,1,69.3485
2,61,Yes,7,7,39.0766
3,61,No,6,1,39.6707
7,53,Yes,5,1,43.077
4,65,Yes,8,7,49.3551
5,61,Yes,9,4,48.037
1,69,No,8,8,44.4493
3,55,No,5,7,34.2636
9,77,No,4,0,71.9491
8,45,Yes,4,0,37.1105
8,43,Yes,7,0,36.5332
8,45,Yes,7,5,39.5576
9,65,No,7,4,61.9839
8,50,No,7,9,44.844
3,80,No,6,1,59.0104
1,48,No,8,3,22.0853
5,90,Yes,4,8,75.9154
1,57,Yes,6,1,30.4723
5,56,Yes,7,6,42.3707
6,40,No,5,2,26.5881
5,76,No,5,2,60.3712
9,87,Yes,5,9,84.9873
8,95,No,9,6,91.0275
4,95,Yes,5,8,78.6306
1,65,No,9,0,39.2822
3,96,No,8,7,77.455
8,96,Yes,4,1,89.2199
4,69,Yes,4,1,50.2956
6,49,No,5,5,36.3421
9,78,No,7,1,74.6232
8,46,Yes,7,7,40.9709
7,74,Yes,5,7,65.6387
5,59,Yes,8,9,46.5036
6,65,Yes,4,1,51.9449
6,65,Yes,6,5,53.7081
8,82,Yes,6,5,76.7328
7,74,No,9,2,66.0009
6,74,No,6,6,62.4729
8,72,Yes,7,2,66.4471
3,72,Yes,4,1,50.4889
5,51,Yes,5,1,35.3204
4,65,Yes,7,7,48.8689
2,53,Yes,5,9,30.3567
9,89,No,9,3,87.1876
4,98,Yes,9,7,83.4311
2,85,No,6,3,61.6348
5,82,No,9,5,69.0163
3,85,No,7,6,65.5745
2,98,No,7,1,74.9579
2,94,Yes,8,9,73.5481
5,74,No,9,4,60.6755
1,98,Yes,9,3,74.059
9,78,No,8,9,76.6911
9,88,No,8,2,85.4858
4,80,Yes,9,1,63.9231
4,77,No,9,2,60.4733
9,70,No,9,9,69.0342
2,98,No,7,9,76.5396
8,87,Yes,4,9,81.6407
1,48,Yes,8,5,23.0746
3,46,No,5,8,25.3005
9,52,No,9,7,50.317
1,49,Yes,4,2,21.5546
